,customer_key,Churn_prediction
0,18547,0
1,22460,0
2,16532,1
3,17073,0
4,29430,1
5,28912,1
6,23001,0
7,22984,0
8,18115,0
9,20986,1
10,17591,0
11,14093,0
12,21527,0
13,13051,0
14,14972,0
15,28497,0
16,13160,0
17,12619,0
18,14634,0
19,23087,1
20,12510,0
21,19174,1
22,14431,1
23,21189,1
24,14219,0
25,20883,0
26,12745,0
27,16446,0
28,12204,1
29,21401,0
30,11992,0
31,20648,0
32,13678,0
33,24043,0
34,28371,0
35,15387,0
36,14305,0
37,19715,0
38,26270,1
39,24000,0
40,15533,0
41,18404,0
42,19801,0
43,26871,1
44,21129,0
45,25397,0
46,18258,0
47,17007,0
48,14328,0
49,28437,0
50,28268,0
51,29473,1
52,22749,0
53,22357,0
54,15218,0
55,18573,0
56,11096,0
57,24169,0
58,26433,0
59,22603,0
60,21275,0
61,12662,0
62,25205,0
63,23731,0
64,16423,1
65,11703,0
66,21521,0
67,27355,1
68,25789,1
69,25128,1
70,16615,0
71,18650,0
72,15802,0
73,14720,0
74,27186,0
75,20522,1
76,18089,0
77,12101,0
78,17176,0
79,21882,0
80,11909,0
81,27684,1
82,23356,0
83,26602,0
84,11019,0
85,17760,0
86,24644,0
87,14949,0
88,13967,0
89,15049,0
90,13575,0
91,23170,0
92,11740,0
93,19234,1
94,20800,0
95,29098,0
96,17428,0
97,28812,0
98,13492,0
99,22978,0
100,14966,0
101,16346,0
102,12018,0
103,23187,0
104,27515,0
105,22901,0
106,28016,0
107,15327,1
108,23339,0
109,22105,0
110,21959,0
111,26041,0
112,20877,0
113,20631,0
114,20485,1
115,15593,0
116,14574,0
117,22732,0
118,14405,1
119,21258,0
120,19486,1
121,25958,0
122,22712,0
123,27432,0
124,17259,0
125,12931,0
126,16632,0
127,19878,1
128,15550,0
129,17651,0
130,13323,1
131,12347,0
132,16177,0
133,11849,0
134,14119,0
135,29267,1
136,13821,0
137,12739,1
138,16506,0
139,14514,0
140,15201,1
141,27890,1
142,17193,0
143,25019,1
144,25898,0
145,18072,1
146,29456,1
147,21461,1
148,27057,0
149,20943,0
150,13117,0
151,22148,1
152,23545,0
153,13635,0
154,11720,0
155,11643,0
156,12161,0
157,11079,0
158,14591,0
159,20674,1
160,23296,1
161,15719,0
162,13558,0
163,19546,0
164,19987,0
165,15032,1
166,13950,0
167,15424,1
168,16990,0
169,26980,1
170,27372,1
171,28454,0
172,19108,1
173,27498,0
174,14763,0
175,14906,0
176,13197,0
177,11205,0
178,19861,1
179,16801,0
180,18464,0
181,25457,1
182,21069,1
183,12679,0
184,21335,0
185,23748,0
186,11517,0
187,13761,0
188,22417,0
189,25583,0
190,25975,0
191,19028,0
192,12991,0
193,17319,0
194,17946,0
195,26416,1
196,15988,0
197,28972,0
198,26728,0
199,24189,0
200,28125,1
201,22792,1
202,23671,1
203,25663,0
204,15845,0
205,22291,1
206,14889,0
207,16881,0
208,26227,1
209,29081,0
210,24753,0
211,23874,0
212,29284,0
213,21318,0
214,27810,1
215,22652,0
216,13306,0
217,24126,0
218,14780,0
219,20190,0
220,25600,0
221,19672,1
222,28328,0
223,15736,0
224,27999,1
225,13509,0
226,26101,0
227,17445,0
228,19217,0
229,24627,0
230,17963,1
231,23373,0
232,15971,0
233,15407,0
234,21899,0
235,25145,1
236,14262,0
237,22918,1
238,16818,0
239,18198,0
240,25772,1
241,26854,0
242,12788,0
243,17116,0
244,22526,0
245,27581,0
246,19091,0
247,24879,0
248,14823,1
249,27412,0
250,27750,1
251,14992,0
252,28978,0
253,20273,0
254,16220,0
255,29055,0
256,17571,0
257,25002,0
258,16097,0
259,13595,0
260,21670,1
261,18968,0
262,25938,0
263,19260,0
264,12121,0
265,13057,0
266,24372,1
267,28517,0
268,11491,0
269,20196,0
270,25248,1
271,27827,0
272,17156,0
273,16635,0
274,18630,1
275,16466,1
276,28119,0
277,26645,0
278,16927,0
279,26353,0
280,28288,0
281,20565,1
282,11262,0
283,21839,1
284,15590,0
285,19675,0
286,24003,0
287,11660,0
288,23605,0
289,24295,0
290,19967,0
291,11952,0
292,14116,0
293,25477,1
294,23313,0
295,21149,0
296,22838,0
297,23834,0
298,15699,0
299,11076,1
300,16695,0
301,12473,0
302,21132,0
303,15868,0
304,28102,1
305,17173,1
306,23665,0
307,25586,1
308,22437,0
309,24312,1
310,14471,0
311,26891,0
312,19489,1
313,15530,0
314,29330,0
315,14640,0
316,12719,0
317,11245,0
318,18278,0
319,22360,0
320,19752,0
321,13947,0
322,20980,0
323,15221,0
324,23253,1
325,27166,0
326,12367,0
327,20027,1
328,13578,1
329,14883,0
330,16114,0
331,24770,0
332,13409,0
333,23422,1
334,19337,0
335,28640,1
336,26476,0
337,14056,0
338,20548,0
339,11892,0
340,24727,0
341,13366,0
342,19858,0
343,22022,1
344,25417,0
345,24896,0
346,13535,0
347,11414,0
348,17863,1
349,28534,0
350,12888,0
351,15052,0
352,12198,1
353,26585,0
354,20751,0
355,26370,0
356,15819,0
357,14345,0
358,20256,1
359,11766,0
360,25829,0
361,13781,1
362,12307,0
363,22881,0
364,11474,0
365,23791,0
366,24186,0
367,12871,1
368,18859,1
369,11969,0
370,26293,0
371,19692,0
372,21315,0
373,17677,0
374,19841,0
375,17385,1
376,17880,0
377,28059,1
378,15404,0
379,13930,1
380,24601,0
381,15945,1
382,25955,0
383,25291,1
384,23817,0
385,24481,0
386,18587,0
387,29164,0
388,13240,0
389,26167,0
390,15347,0
391,28474,1
392,27933,1
393,21441,0
394,17113,0
395,26459,0
396,17803,0
397,14806,0
398,18985,0
399,16280,0
400,27641,1
401,16821,0
402,18444,0
403,24498,0
404,15035,0
405,19566,0
406,16054,0
407,28457,1
408,23479,0
409,17528,1
410,18092,0
411,16509,0
412,13638,0
413,12078,1
414,22546,0
415,21965,1
416,24020,1
417,17983,0
418,28348,0
419,13655,1
420,16987,0
421,27916,0
422,11185,0
423,15513,0
424,21424,0
425,22005,0
426,25603,0
427,13552,0
428,15716,0
429,20044,0
430,15238,0
431,14242,0
432,13223,0
433,29038,0
434,24129,1
435,20860,0
436,21856,0
437,19151,0
438,15928,0
439,24584,1
440,26662,0
441,14697,0
442,26058,0
443,17402,0
444,21730,0
445,28245,1
446,18427,0
447,22672,0
448,16861,0
449,25374,0
450,25543,0
451,14159,0
452,18235,1
453,26579,0
454,12516,0
455,27017,0
456,17199,0
457,21029,0
458,15364,0
459,12954,1
460,19901,0
461,22503,0
462,12762,0
463,22941,0
464,12324,0
465,11288,0
466,23977,0
467,26502,1
468,15902,0
469,17797,1
470,17468,0
471,15118,0
472,14428,0
473,18673,1
474,27976,1
475,24607,0
476,25812,0
477,17299,0
478,27455,0
479,15825,1
480,25981,0
481,17989,1
482,20508,1
483,24338,0
484,24836,0
485,11995,0
486,16323,0
487,23270,0
488,18942,0
489,11119,0
490,21982,0
491,19134,0
492,23462,0
493,20608,1
494,24936,0
495,18925,0
496,14680,0
497,17906,1
498,26064,0
499,24853,0
500,11809,1
501,13469,1
502,29121,1
503,17737,0
504,18756,0
505,21627,0
506,15135,0
507,20153,0
508,13661,0
509,20399,0
510,13014,0
511,16263,0
512,13738,0
513,27707,0
514,17282,0
515,17090,0
516,14488,1
517,16154,1
518,13452,1
519,14099,0
520,14597,0
521,22755,0
522,21736,0
523,22234,0
524,11371,0
525,29181,0
526,21215,0
527,21046,0
528,22520,0
529,11179,1
530,27209,1
531,13907,0
532,16071,0
533,22563,1
534,16761,1
535,28228,0
536,20070,1
537,19572,0
538,23900,1
539,26519,0
540,23210,1
541,27538,0
542,24684,0
543,25872,0
544,21544,0
545,17216,0
546,23708,1
547,20087,0
548,15178,0
549,17408,0
550,26562,0
551,13140,0
552,26393,0
553,24524,1
554,19446,1
555,20920,0
556,11102,0
557,21484,0
558,22958,0
559,12138,1
560,25998,0
561,22689,0
562,25560,0
563,12576,0
564,25357,0
565,19051,0
566,15573,1
567,28995,0
568,16011,0
569,18613,0
570,16652,0
571,27959,1
572,19649,0
573,27521,0
574,26124,1
575,24793,0
576,16137,1
577,16778,1
578,23084,1
579,24650,0
580,25122,0
581,28666,0
582,26957,0
583,19961,0
584,13973,0
585,11305,0
586,15304,0
587,23960,0
588,20651,0
589,14614,0
590,27598,0
591,27833,0
592,26267,0
593,28431,0
594,11431,0
595,28743,0
596,27724,1
597,23193,0
598,21796,0
599,12450,1
600,23648,0
601,20794,1
602,14302,0
603,24212,0
604,22251,1
605,17923,0
606,21232,1
607,16904,0
608,11886,1
609,18175,0
610,13847,0
611,24667,0
612,20777,0
613,15321,0
614,21813,0
615,12012,0
616,14740,1
617,14050,0
618,21922,1
619,24086,0
620,19884,1
621,19194,0
622,12702,0
623,18504,0
624,14176,0
625,15195,0
626,18049,0
627,13721,0
628,20213,1
629,11557,0
630,26705,0
631,24541,0
632,22377,0
633,27395,1
634,16575,0
635,23067,0
636,25231,0
637,14411,0
638,17763,0
639,22031,0
640,22200,0
641,29001,0
642,23428,1
643,16289,0
644,27773,0
645,13664,0
646,15061,0
647,26299,0
648,14892,0
649,25071,0
650,17686,0
651,23674,0
652,27527,0
653,15230,0
654,20972,0
655,13249,0
656,16704,0
657,23090,1
658,17932,0
659,29339,1
660,20388,1
661,17348,0
662,18914,0
663,14477,0
664,28188,0
665,24487,1
666,17517,0
667,12436,1
668,22615,0
669,11131,0
670,26545,0
671,15874,0
672,22784,0
673,14079,0
674,18101,0
675,11852,0
676,28417,1
677,16535,0
678,13418,0
679,25240,0
680,14308,0
681,19973,0
682,15645,0
683,18991,0
684,27696,0
685,18685,0
686,23013,1
687,21447,1
688,12834,0
689,20557,0
690,19575,1
691,16933,0
692,28695,0
693,22861,0
694,19804,1
695,15891,0
696,14417,0
697,20328,1
698,18330,0
699,15459,0
700,26943,0
701,21556,0
702,19635,0
703,23030,1
704,18407,1
705,11437,0
706,18576,0
707,28357,0
708,14248,0
709,23199,0
710,21218,0
711,25300,1
712,25546,0
713,11191,0
714,28941,0
715,14832,0
716,16060,0
717,17534,0
718,12665,0
719,11775,0
720,13080,0
721,26883,0
722,20219,1
723,22446,0
724,18745,0
725,12774,0
726,23445,1
727,25884,0
728,21971,0
729,13833,1
730,25715,0
731,24241,0
732,29416,0
733,11606,0
734,16475,0
735,20803,1
736,25131,0
737,28526,1
738,15001,0
739,19329,0
740,23657,0
741,21676,0
742,25257,0
743,13850,0
744,23242,1
745,22555,0
746,18805,1
747,28128,1
748,28984,0
749,22217,0
750,20202,0
751,22014,0
752,27172,1
753,15765,0
754,14188,1
755,24029,0
756,29187,1
757,12376,0
758,17331,0
759,14291,0
760,23488,1
761,15662,0
762,24716,0
763,13647,0
764,16306,0
765,27713,0
766,16993,1
767,25698,1
768,24842,0
769,27925,0
770,12250,1
771,17872,1
772,26528,0
773,16000,0
774,28466,0
775,19220,0
776,20743,1
777,13773,0
778,19761,1
779,22429,0
780,24301,0
781,25775,1
782,13232,1
783,14706,0
784,24444,0
785,28231,0
786,23903,0
787,13020,0
788,20514,0
789,16578,0
790,14062,0
791,13544,0
792,15536,0
793,16077,0
794,28881,0
795,12479,1
796,18516,0
797,24859,0
798,11082,0
799,23886,0
800,29296,0
801,25360,0
802,25901,0
803,13003,0
804,21573,1
805,21032,1
806,15121,0
807,19990,0
808,19449,1
809,26239,0
810,28755,1
811,24012,0
812,13435,1
813,20099,1
814,11420,0
815,23800,0
816,18390,0
817,11208,0
818,19864,0
819,16163,0
820,14689,1
821,20617,0
822,11961,0
823,16830,0
824,25486,1
825,23471,0
826,14603,0
827,23259,0
828,27587,0
829,16916,1
830,18304,0
831,22632,1
832,17222,1
833,12894,0
834,26113,1
835,22326,0
836,17457,0
837,21785,1
838,15771,0
839,20016,1
840,15748,0
841,17145,1
842,22718,0
843,11503,0
844,18450,1
845,25758,0
846,27009,0
847,25443,0
848,11672,0
849,14374,0
850,26840,1
851,14543,0
852,18373,0
853,23969,0
854,11234,0
855,12708,0
856,17245,0
857,21175,0
858,19847,1
859,20285,0
860,18619,1
861,21759,1
862,26004,0
863,11895,0
864,18058,0
865,26196,1
866,13936,0
867,16017,0
868,23156,0
869,13461,0
870,12064,0
871,28045,0
872,27876,0
873,24799,0
874,26571,0
875,17866,1
876,23325,0
877,14620,1
878,21682,0
879,22572,0
880,26402,1
881,21098,0
882,21490,0
883,11311,0
884,12393,0
885,26087,0
886,20846,0
887,16601,0
888,14918,0
889,13730,0
890,24782,0
891,15204,0
892,26256,0
893,27484,0
894,22320,0
895,17789,1
896,16392,0
897,16146,0
898,28958,0
899,17474,0
900,23548,0
901,13538,0
902,17620,0
903,19263,0
904,22512,1
905,19203,0
906,15373,0
907,29236,1
908,20677,0
909,16847,0
910,28154,1
911,18075,0
912,11394,0
913,28875,0
914,18227,1
915,11563,1
916,21473,0
917,20454,0
918,24155,1
919,21430,0
920,14766,0
921,21928,1
922,26648,0
923,17228,0
924,11520,0
925,15848,0
926,25927,0
927,20176,0
928,12539,0
929,19372,0
930,23700,0
931,13621,0
932,11065,0
933,12147,0
934,29459,1
935,15393,1
936,27985,1
937,29067,0
938,12522,0
939,24547,0
940,22386,0
941,23073,0
942,18118,0
943,23860,1
944,28815,0
945,11689,0
946,11125,0
947,20471,0
948,18997,0
949,23342,0
950,20033,0
951,14875,0
952,22904,0
953,15078,0
954,16644,0
955,28297,1
956,17036,0
957,27418,0
958,16349,0
959,13604,0
960,13996,0
961,15957,1
962,26385,0
963,25944,0
964,15688,0
965,17680,0
966,20551,0
967,19077,1
968,20786,0
969,22117,0
970,21945,0
971,17915,1
972,17603,0
973,20863,1
974,26900,0
975,13916,0
976,20912,0
977,18636,1
978,17305,0
979,25426,1
980,16770,1
981,12442,0
982,13352,1
983,24095,1
984,14231,0
985,25114,1
986,12851,0
987,16787,0
988,12333,0
989,22243,0
990,24235,0
991,27670,0
992,24172,0
993,11769,0
994,15313,1
995,26588,0
996,14434,0
997,18762,0
998,18324,0
999,21224,1
1000,25552,0
1001,11878,0
1002,17288,0
1003,16206,0
1004,29253,0
1005,27215,1
1006,18559,1
1007,15187,0
1008,23843,1
1009,27779,1
1010,19907,0
1011,25317,1
1012,16661,0
1013,11251,0
1014,18433,0
1015,22761,0
1016,26070,0
1017,13086,0
1018,17414,0
1019,28924,0
1020,16332,0
1021,12004,0
1022,20660,0
1023,14560,0
1024,23216,1
1025,22134,0
1026,13478,0
1027,26462,0
1028,11706,0
1029,22008,0
1030,16435,0
1031,20703,0
1032,29193,0
1033,27796,0
1034,19137,0
1035,24756,0
1036,16266,0
1037,12336,0
1038,26445,0
1039,27627,0
1040,13564,0
1041,26153,0
1042,15038,0
1043,19014,0
1044,27919,0
1045,28855,1
1046,18078,0
1047,13395,1
1048,15376,0
1049,11921,0
1050,16604,0
1051,17832,1
1052,19306,0
1053,21716,0
1054,20780,0
1055,20534,0
1056,13103,0
1057,16850,0
1058,11752,0
1059,11231,0
1060,21118,0
1061,14102,0
1062,22592,0
1063,14500,0
1064,28609,0
1065,25463,1
1066,13810,0
1067,15974,0
1068,14792,0
1069,12628,0
1070,13226,1
1071,17909,0
1072,26614,1
1073,23113,0
1074,17311,0
1075,21639,0
1076,11460,0
1077,12688,0
1078,25755,0
1079,15914,0
1080,15390,0
1081,19827,1
1082,27106,0
1083,15745,0
1084,28486,0
1085,18138,0
1086,23053,1
1087,11646,1
1088,22884,0
1089,15267,0
1090,22406,0
1091,27029,0
1092,11045,0
1093,21410,0
1094,25738,0
1095,14331,0
1096,12857,0
1097,20932,0
1098,12519,0
1099,28503,0
1100,19996,1
1101,17388,0
1102,23634,0
1103,18616,0
1104,26170,1
1105,20242,1
1106,14809,0
1107,26860,0
1108,16495,0
1109,15499,0
1110,27381,0
1111,14852,0
1112,28334,0
1113,21301,1
1114,23222,0
1115,29024,0
1116,21991,1
1117,13335,0
1118,24696,1
1119,14162,0
1120,11998,0
1121,21885,0
1122,19721,1
1123,24049,0
1124,26213,0
1125,17557,0
1126,18247,0
1127,11214,0
1128,13919,0
1129,22575,0
1130,16083,0
1131,24739,1
1132,21699,0
1133,25234,1
1134,13209,0
1135,24570,1
1136,11812,1
1137,16790,1
1138,18264,1
1139,12353,0
1140,23173,0
1141,29007,1
1142,18828,0
1143,20225,0
1144,19661,0
1145,19120,0
1146,22701,0
1147,13750,0
1148,17723,0
1149,14391,1
1150,26339,0
1151,14683,0
1152,24175,0
1153,24324,0
1154,22160,1
1155,28105,0
1156,15224,0
1157,14978,1
1158,25798,1
1159,26631,0
1160,14288,0
1161,16452,0
1162,25157,0
1163,27902,0
1164,24865,1
1165,19246,0
1166,19887,1
1167,18413,0
1168,11938,0
1169,20428,0
1170,29084,0
1171,22466,1
1172,18556,0
1173,29376,0
1174,21284,0
1175,21825,0
1176,11105,0
1177,27398,0
1178,21596,1
1179,25924,0
1180,14314,0
1181,12150,0
1182,15788,0
1183,13624,0
1184,13043,0
1185,23408,0
1186,29359,0
1187,16555,0
1188,15081,0
1189,25446,0
1190,26920,0
1191,18430,0
1192,14517,0
1193,21009,0
1194,26843,0
1195,16100,0
1196,12502,0
1197,18971,0
1198,22389,0
1199,17497,0
1200,28317,0
1201,13607,0
1202,12705,0
1203,22051,0
1204,14626,0
1205,18954,0
1206,20577,0
1207,25941,0
1208,22303,1
1209,24467,1
1210,22993,0
1211,11443,0
1212,17371,0
1213,26027,0
1214,27736,0
1215,17159,0
1216,16681,1
1217,14666,0
1218,18061,0
1219,24553,0
1220,22867,0
1221,15207,0
1222,14211,0
1223,27195,0
1224,18539,0
1225,23863,0
1226,21244,0
1227,25572,0
1228,13976,0
1229,29210,1
1230,19323,0
1231,14995,0
1232,11357,0
1233,15685,0
1234,20013,0
1235,22177,1
1236,17849,1
1237,25589,0
1238,21344,0
1239,17076,0
1240,24215,0
1241,18473,1
1242,12831,1
1243,15602,0
1244,25781,0
1245,13000,0
1246,24115,0
1247,24384,1
1248,14397,0
1249,26817,1
1250,28214,0
1251,22987,0
1252,21513,0
1253,11334,0
1254,18911,0
1255,13767,0
1256,29419,1
1257,13269,0
1258,11088,0
1259,20906,1
1260,22472,0
1261,14835,0
1262,13438,0
1263,23256,0
1264,11795,0
1265,13959,0
1266,21951,0
1267,24822,0
1268,14643,0
1269,15333,0
1270,13169,0
1271,15433,0
1272,11603,0
1273,14912,0
1274,18742,0
1275,23946,0
1276,15104,1
1277,17268,0
1278,12293,0
1279,20806,0
1280,16478,0
1281,18642,0
1282,17952,0
1283,21842,0
1284,17597,0
1285,13707,0
1286,14895,0
1287,14726,0
1288,13876,1
1289,21015,0
1290,27507,1
1291,16123,0
1292,23617,0
1293,12233,1
1294,23425,0
1295,26296,0
1296,27315,0
1297,26926,0
1298,25260,0
1299,25841,1
1300,23677,1
1301,19349,1
1302,29090,1
1303,27962,0
1304,12124,0
1305,18533,0
1306,18035,0
1307,11586,0
1308,18204,0
1309,25151,1
1310,16561,1
1311,24653,0
1312,22489,0
1313,19180,0
1314,24006,0
1315,15350,0
1316,23508,1
1317,12041,0
1318,16369,0
1319,12731,0
1320,17059,0
1321,11712,0
1322,28569,0
1323,15542,0
1324,17706,0
1325,19870,0
1326,24198,1
1327,23929,0
1328,22363,0
1329,15416,0
1330,12545,0
1331,11148,0
1332,26800,1
1333,24401,0
1334,22532,0
1335,17454,0
1336,19492,0
1337,20889,0
1338,21530,0
1339,18456,0
1340,18018,0
1341,11543,0
1342,26236,0
1343,21968,0
1344,11981,0
1345,24965,0
1346,12622,0
1347,21327,0
1348,17185,0
1349,15021,0
1350,24762,1
1351,15619,0
1352,13455,0
1353,26877,1
1354,14583,0
1355,25403,0
1356,20763,1
1357,12107,0
1358,21404,0
1359,12748,1
1360,28400,1
1361,27710,0
1362,22801,0
1363,24132,1
1364,19054,1
1365,11417,0
1366,14786,0
1367,23491,0
1368,19930,0
1369,22658,0
1370,20620,0
1371,29276,0
1372,22927,1
1373,15931,0
1374,24636,0
1375,26565,0
1376,15290,0
1377,13581,0
1378,19618,0
1379,22237,0
1380,18785,0
1381,25277,0
1382,14457,0
1383,16621,0
1384,15147,0
1385,28131,0
1386,25967,0
1387,23803,1
1388,20182,0
1389,21201,0
1390,18144,0
1391,26110,0
1392,17766,0
1393,24258,0
1394,21656,0
1395,22220,0
1396,15728,0
1397,12310,1
1398,27112,0
1399,12874,0
1400,23694,1
1401,13690,0
1402,21765,0
1403,26093,0
1404,26674,0
1405,16309,0
1406,12671,0
1407,18221,0
1408,13893,0
1409,27567,0
1410,16747,0
1411,12419,1
1412,23239,1
1413,24510,1
1414,28257,1
1415,15854,0
1416,16873,0
1417,27238,1
1418,23820,1
1419,25984,0
1420,17328,0
1421,15164,0
1422,11400,0
1423,17892,0
1424,26548,1
1425,14474,1
1426,20056,1
1427,17202,0
1428,25858,0
1429,19366,1
1430,23365,0
1431,14709,0
1432,27693,0
1433,19037,0
1434,29402,0
1435,28383,0
1436,27003,1
1437,11855,0
1438,20511,1
1439,14019,0
1440,18347,0
1441,22675,0
1442,29167,0
1443,11165,0
1444,20680,0
1445,26253,1
1446,13541,0
1447,12144,0
1448,23382,1
1449,17809,0
1450,23551,0
1451,26422,0
1452,14938,0
1453,15015,1
1454,27650,0
1455,23720,0
1456,13710,0
1457,24948,1
1458,16243,0
1459,27481,0
1460,14769,0
1461,26591,0
1462,15184,1
1463,21908,0
1464,12067,0
1465,29047,1
1466,12313,0
1467,24610,1
1468,20926,0
1469,11729,0
1470,18224,0
1471,19452,1
1472,25838,1
1473,11254,0
1474,13126,0
1475,16827,0
1476,14600,0
1477,15353,0
1478,16166,0
1479,13295,0
1480,17225,0
1481,27006,0
1482,28878,1
1483,20849,0
1484,19283,0
1485,18393,0
1486,29462,0
1487,22721,0
1488,15937,0
1489,19850,1
1490,15582,0
1491,12711,0
1492,23076,1
1493,18808,0
1494,25778,0
1495,21155,1
1496,15413,0
1497,19681,1
1498,11500,0
1499,26820,0
1500,11838,1
1501,28463,0
1502,13143,1
1503,11669,1
1504,21078,0
1505,17580,0
1506,24719,1
1507,13312,1
1508,20282,0
1509,14185,0
1510,25947,0
1511,16996,0
1512,22552,0
1513,19698,0
1514,24026,0
1515,13601,1
1516,15522,1
1517,12084,1
1518,20740,0
1519,26193,0
1520,27879,0
1521,19223,0
1522,23136,0
1523,11085,0
1524,26405,0
1525,14523,1
1526,15828,0
1527,28048,1
1528,17471,0
1529,15997,0
1530,25194,0
1531,14354,1
1532,15244,0
1533,20697,1
1534,24304,0
1535,13727,0
1536,18055,0
1537,22383,0
1538,12253,0
1539,16581,0
1540,13770,0
1541,18639,1
1542,22967,0
1543,12296,0
1544,21493,0
1545,26362,1
1546,28174,1
1547,24593,1
1548,14752,0
1549,21722,1
1550,23737,1
1551,23196,0
1552,18851,1
1553,18164,0
1554,17623,0
1555,19638,0
1556,20866,0
1557,20325,1
1558,19097,0
1559,22263,0
1560,29233,0
1561,28692,1
1562,25652,1
1563,12668,0
1564,17285,0
1565,17826,1
1566,12127,0
1567,15811,0
1568,14142,0
1569,13896,0
1570,25549,1
1571,23534,0
1572,15370,0
1573,14829,0
1574,24075,0
1575,11609,0
1576,17182,0
1577,21925,1
1578,19910,0
1579,22137,0
1580,13481,0
1581,15167,0
1582,20451,1
1583,20053,1
1584,18038,0
1585,11915,0
1586,18579,0
1587,22678,1
1588,14414,0
1589,27633,0
1590,12940,0
1591,14955,0
1592,23611,0
1593,24152,1
1594,15396,0
1595,11068,0
1596,25134,1
1597,17411,0
1598,26067,1
1599,12542,0
1600,26608,1
1601,16870,0
1602,14016,0
1603,25423,0
1604,12024,0
1605,15058,0
1606,20468,0
1607,19495,0
1608,14540,0
1609,18994,1
1610,18453,0
1611,24381,0
1612,26302,0
1613,22907,0
1614,22366,0
1615,27776,0
1616,16014,1
1617,17935,0
1618,23840,1
1619,26379,0
1620,16641,0
1621,13999,0
1622,24364,0
1623,13498,1
1624,12957,0
1625,11483,0
1626,27862,0
1627,16352,0
1628,25008,1
1629,26050,0
1630,15473,0
1631,24796,0
1632,17394,0
1633,18868,1
1634,28065,0
1635,22781,0
1636,23322,0
1637,21848,0
1638,24255,0
1639,26176,0
1640,15599,1
1641,19927,1
1642,13584,0
1643,28191,0
1644,11898,0
1645,25964,0
1646,13913,0
1647,24490,0
1648,15293,0
1649,28277,0
1650,12854,0
1651,24238,0
1652,25566,0
1653,21536,0
1654,22764,0
1655,24092,0
1656,16930,0
1657,13023,0
1658,15625,0
1659,25712,0
1660,26963,0
1661,14228,0
1662,26794,0
1663,24407,0
1664,25489,1
1665,15702,0
1666,23923,0
1667,11188,0
1668,18765,0
1669,12754,0
1670,16063,1
1671,27278,0
1672,28360,1
1673,28752,0
1674,21613,1
1675,21221,0
1676,20239,1
1677,23846,0
1678,13246,1
1679,20408,0
1680,15141,0
1681,26073,0
1682,18181,0
1683,25320,0
1684,13836,0
1685,15310,0
1686,25881,0
1687,23448,0
1688,26694,0
1689,22180,0
1690,29021,1
1691,14059,0
1692,20614,1
1693,12585,0
1694,16286,0
1695,18934,0
1696,23654,0
1697,13475,0
1698,12001,0
1699,17929,0
1700,13684,0
1701,25068,0
1702,24736,0
1703,13398,0
1704,27793,0
1705,13853,1
1706,23594,1
1707,15064,0
1708,12210,0
1709,11128,0
1710,12456,0
1711,23093,0
1712,19309,0
1713,15954,0
1714,19011,1
1715,27169,0
1716,22011,0
1717,18121,0
1718,20783,0
1719,19157,0
1720,23485,0
1721,24676,1
1722,22257,0
1723,18012,1
1724,28091,0
1725,21238,0
1726,17537,1
1727,14480,0
1728,12602,0
1729,27922,0
1730,24845,0
1731,28420,0
1732,26150,0
1733,24484,1
1734,13982,0
1735,16538,1
1736,15456,0
1737,23010,0
1738,18682,0
1739,26946,0
1740,25237,1
1741,26319,0
1742,22618,0
1743,11457,0
1744,15785,0
1745,27295,0
1746,14311,0
1747,13229,1
1748,11755,0
1749,25821,0
1750,21035,0
1751,28861,0
1752,16080,0
1753,23027,0
1754,17477,1
1755,19469,1
1756,12476,0
1757,27464,0
1758,11171,0
1759,22509,0
1760,18951,0
1761,21553,0
1762,28251,0
1763,15516,0
1764,28546,1
1765,28938,1
1766,16598,0
1767,18513,0
1768,26777,1
1769,23388,0
1770,25303,0
1771,14042,0
1772,24862,0
1773,26336,0
1774,12771,0
1775,25506,1
1776,21427,0
1777,29064,1
1778,25695,0
1779,12914,0
1780,16472,0
1781,23468,0
1782,27733,0
1783,21994,0
1784,13289,0
1785,19953,1
1786,22635,0
1787,20079,1
1788,21161,0
1789,11566,0
1790,20222,0
1791,26024,0
1792,13040,0
1793,24942,0
1794,17995,1
1795,11958,0
1796,26651,0
1797,16913,0
1798,21696,1
1799,25177,1
1800,27590,1
1801,14606,0
1802,23262,0
1803,14998,0
1804,27982,0
1805,21178,0
1806,16269,0
1807,14371,0
1808,17242,0
1809,22197,0
1810,26133,0
1811,13212,1
1812,21679,0
1813,12897,0
1814,15751,0
1815,16833,0
1816,18825,0
1817,19844,0
1818,14686,0
1819,20723,0
1820,25051,0
1821,24032,0
1822,18622,0
1823,19704,1
1824,25254,0
1825,20096,0
1826,15768,0
1827,12270,1
1828,16160,0
1829,11832,0
1830,26634,0
1831,27716,0
1832,18370,0
1833,20597,0
1834,11941,0
1835,28234,1
1836,26525,0
1837,17869,0
1838,24533,1
1839,19578,0
1840,13149,0
1841,17351,1
1842,26007,0
1843,12459,0
1844,23279,0
1845,14497,0
1846,28563,0
1847,14168,0
1848,22824,0
1849,19970,1
1850,15642,0
1851,16724,0
1852,21052,0
1853,11314,0
1854,12396,0
1855,13518,0
1856,24925,0
1857,15084,0
1858,22223,1
1859,23528,0
1860,13687,0
1861,17617,1
1862,26107,1
1863,26276,1
1864,14915,0
1865,13441,1
1866,11875,0
1867,23236,0
1868,16312,0
1869,28901,1
1870,19598,0
1871,29439,0
1872,20826,0
1873,25340,1
1874,19767,1
1875,18201,0
1876,18891,1
1877,24464,0
1878,26737,1
1879,15851,0
1880,27335,0
1881,15453,0
1882,17325,0
1883,23866,0
1884,26030,0
1885,21931,1
1886,15682,0
1887,11354,0
1888,20365,1
1889,24387,0
1890,16727,0
1891,25569,0
1892,12044,0
1893,21347,1
1894,17019,0
1895,19183,1
1896,28380,1
1897,22821,1
1898,20657,0
1899,11692,0
1900,15605,1
1901,16910,0
1902,21533,0
1903,26797,0
1904,14394,0
1905,20136,0
1906,18831,0
1907,15436,1
1908,19658,0
1909,14225,0
1910,26966,0
1911,12997,0
1912,17079,0
1913,28440,1
1914,18184,0
1915,17248,0
1916,14377,0
1917,12920,0
1918,19890,1
1919,21364,0
1920,25154,0
1921,18662,0
1922,28549,0
1923,29087,1
1924,12582,0
1925,17726,0
1926,23159,0
1927,19200,0
1928,27856,1
1929,11108,0
1930,13272,0
1931,23943,1
1932,21779,0
1933,18553,0
1934,20474,0
1935,20717,1
1936,12061,0
1937,22638,0
1938,21948,0
1939,12751,0
1940,24112,1
1941,19243,0
1942,14746,0
1943,19074,1
1944,24633,1
1945,20305,0
1946,25323,1
1947,25280,1
1948,27444,1
1949,11858,0
1950,13873,0
1951,18141,0
1952,27487,0
1953,18782,0
1954,28151,0
1955,20179,1
1956,17600,0
1957,21181,0
1958,20843,1
1959,19615,0
1960,18310,0
1961,17769,0
1962,14437,1
1963,16203,0
1964,18705,0
1965,20640,0
1966,23637,0
1967,11294,0
1968,24278,0
1969,22655,1
1970,14932,0
1971,12768,0
1972,26090,0
1973,15270,0
1974,25111,0
1975,14729,0
1976,15911,0
1977,24616,1
1978,12273,1
1979,16541,0
1980,17205,0
1981,26857,1
1982,28566,0
1983,27092,0
1984,18679,0
1985,18015,1
1986,11397,1
1987,27384,0
1988,14022,0
1989,11709,0
1990,16037,0
1991,28025,1
1992,12399,0
1993,28715,1
1994,21055,0
1995,23511,0
1996,12691,0
1997,14855,1
1998,11168,0
1999,13332,1
2000,21888,0
2001,24052,0
2002,26216,1
2003,29313,0
2004,16329,0
2005,14165,0
2006,27690,0
2007,27149,0
2008,24985,1
2009,22529,0
2010,25400,0
2011,14039,0
2012,27461,0
2013,18476,0
2014,14563,0
2015,20491,0
2016,26442,0
2017,22930,0
2018,19017,0
2019,13561,0
2020,28858,0
2021,14580,0
2022,20531,0
2023,24968,0
2024,26983,0
2025,25987,0
2026,15622,0
2027,19950,1
2028,13106,0
2029,28254,1
2030,17434,0
2031,23926,1
2032,19057,0
2033,12565,1
2034,16893,0
2035,26780,0
2036,22452,0
2037,20076,0
2038,12416,1
2039,28732,0
2040,18367,1
2041,15144,0
2042,14148,0
2043,11749,0
2044,23345,0
2045,29422,0
2046,25509,0
2047,16853,0
2048,29273,0
2049,17912,1
2050,26568,0
2051,22240,0
2052,17308,0
2053,21636,1
2054,25878,0
2055,21550,0
2056,16618,0
2057,12290,0
2058,20946,0
2059,17998,0
2060,28506,0
2061,24261,0
2062,12877,0
2063,11480,0
2064,21390,0
2065,27132,0
2066,24069,0
2067,22864,0
2068,28337,0
2069,15725,0
2070,25635,1
2071,25466,0
2072,25735,0
2073,14251,1
2074,22595,1
2075,23033,0
2076,25904,0
2077,14082,0
2078,25297,1
2079,17391,1
2080,15917,0
2081,21659,0
2082,21467,0
2083,28944,0
2084,11042,0
2085,16186,1
2086,16684,0
2087,18865,0
2088,27570,0
2089,24699,0
2090,28068,1
2091,27378,0
2092,23133,0
2093,18081,0
2094,24507,0
2095,26671,0
2096,18158,0
2097,15994,0
2098,17889,0
2099,12087,0
2100,18350,0
2101,14520,0
2102,11211,0
2103,26863,1
2104,15041,0
2105,23554,0
2106,19226,0
2107,25028,1
2108,27647,1
2109,20700,0
2110,12685,0
2111,17660,0
2112,21988,0
2113,19824,0
2114,17560,0
2115,29213,1
2116,21198,0
2117,19034,0
2118,23362,1
2119,28008,1
2120,24759,0
2121,23740,0
2122,29027,0
2123,13375,1
2124,19117,0
2125,17451,0
2126,17643,0
2127,11151,0
2128,18267,0
2129,26342,0
2130,26425,0
2131,27361,1
2132,25406,0
2133,13644,0
2134,25214,0
2135,21905,0
2136,11732,0
2137,11978,0
2138,29044,0
2139,26880,0
2140,13206,0
2141,20431,1
2142,24178,1
2143,21450,1
2144,12794,0
2145,19741,0
2146,13123,0
2147,21281,0
2148,14789,1
2149,15287,0
2150,12625,0
2151,15479,0
2152,27899,0
2153,15977,0
2154,19286,0
2155,14958,1
2156,14268,0
2157,15934,0
2158,20760,0
2159,16432,1
2160,22426,0
2161,18596,0
2162,24590,0
2163,20262,0
2164,26754,0
2165,18098,0
2166,16624,0
2167,20952,0
2168,18788,0
2169,14460,0
2170,21012,0
2171,25921,0
2172,16103,0
2173,14537,0
2174,23883,0
2175,22409,0
2176,12499,0
2177,11025,0
2178,28320,0
2179,19807,0
2180,20448,1
2181,26923,0
2182,11935,0
2183,18410,1
2184,17972,0
2185,12230,0
2186,13063,1
2187,17577,0
2188,13704,0
2189,25011,0
2190,27318,1
2191,16498,1
2192,14975,0
2193,17139,0
2194,15665,0
2195,17846,1
2196,17703,0
2197,15808,0
2198,25718,0
2199,25483,0
2200,18536,0
2201,24009,0
2202,17374,1
2203,20010,1
2204,18848,0
2205,23176,0
2206,22535,0
2207,28523,1
2208,15539,0
2209,14663,0
2210,23319,0
2211,17013,0
2212,11901,0
2213,24885,1
2214,14065,0
2215,16229,0
2216,12356,0
2217,17265,1
2218,16246,0
2219,15227,0
2220,14208,0
2221,13753,0
2222,14772,1
2223,13830,0
2224,26156,0
2225,20322,0
2226,16810,0
2227,28194,1
2228,11792,0
2229,29104,0
2230,21702,0
2231,12373,0
2232,22738,1
2233,21719,1
2234,20245,1
2235,20683,0
2236,27175,0
2237,23631,0
2238,19303,0
2239,12811,0
2240,24321,1
2241,22157,1
2242,11337,0
2243,17829,0
2244,12937,0
2245,21593,1
2246,11918,0
2247,29465,1
2248,19100,0
2249,12608,1
2250,27756,1
2251,21264,1
2252,23992,0
2253,11228,0
2254,14646,1
2255,23302,0
2256,12482,0
2257,21138,0
2258,13392,0
2259,13956,0
2260,16120,1
2261,22612,0
2262,15101,0
2263,28085,0
2264,15791,0
2265,26611,0
2266,11463,0
2267,22283,0
2268,20119,0
2269,13627,0
2270,17955,1
2271,13756,0
2272,27865,1
2273,20895,0
2274,15153,0
2275,20726,1
2276,12359,0
2277,23766,1
2278,22292,1
2279,24825,0
2280,13587,0
2281,12113,0
2282,12528,0
2283,29093,0
2284,23935,1
2285,26637,0
2286,14984,0
2287,21954,1
2288,18270,0
2289,19498,1
2290,27619,1
2291,15568,0
2292,26975,0
2293,23182,0
2294,17609,0
2295,22707,0
2296,16043,0
2297,21141,1
2298,14171,0
2299,12697,0
2300,11944,0
2301,19836,0
2302,14569,0
2303,24579,1
2304,21539,0
2305,20649,0
2306,19667,1
2307,18193,0
2308,29262,1
2309,16627,0
2310,25824,1
2311,15737,0
2312,20065,1
2313,26806,0
2314,28280,0
2315,11360,0
2316,18854,0
2317,14586,0
2318,11715,0
2319,27390,0
2320,28864,1
2321,11884,0
2322,27204,0
2323,22936,0
2324,15797,0
2325,21725,1
2326,14154,0
2327,13095,0
2328,15628,1
2329,13358,0
2330,28263,0
2331,16856,0
2332,20082,0
2333,24410,0
2334,21708,1
2335,11638,0
2336,15966,1
2337,13112,0
2338,17440,1
2339,24519,0
2340,19650,0
2341,25993,0
2342,21124,0
2343,18439,1
2344,22352,0
2345,15213,0
2346,21877,0
2347,25578,0
2348,27805,0
2349,22140,1
2350,14738,0
2351,25409,0
2352,16212,0
2353,18608,0
2354,29279,0
2355,11469,0
2356,29322,0
2357,11300,0
2358,12943,0
2359,17271,1
2360,23520,1
2361,27848,0
2362,19192,0
2363,26746,0
2364,20709,1
2365,27636,0
2366,13570,0
2367,15044,1
2368,17855,0
2369,22183,1
2370,13527,1
2371,28432,1
2372,26162,0
2373,21293,0
2374,27052,0
2375,14111,0
2376,25518,1
2377,27510,1
2378,12096,0
2379,29076,1
2380,19066,1
2381,16813,1
2382,21081,0
2383,20540,1
2384,14798,0
2385,16272,0
2386,26992,0
2387,17151,0
2388,17669,0
2389,25595,0
2390,28738,1
2391,15754,0
2392,22309,0
2393,13739,0
2394,26036,0
2395,26577,1
2396,20294,0
2397,15857,0
2398,24121,0
2399,22647,0
2400,12714,0
2401,14526,1
2402,14383,1
2403,25054,0
2404,23062,1
2405,19481,1
2406,20835,0
2407,24536,0
2408,22827,0
2409,12511,0
2410,21353,0
2411,17795,0
2412,26451,0
2413,18728,0
2414,20022,0
2415,11758,0
2416,17566,0
2417,21894,0
2418,15339,0
2419,23368,0
2420,23995,0
2421,19040,0
2422,22521,0
2423,13865,0
2424,12299,0
2425,20955,0
2426,25283,1
2427,14941,0
2428,22412,1
2429,12070,0
2430,18499,0
2431,20938,0
2432,17025,0
2433,27822,1
2434,25807,0
2435,12408,1
2436,14400,0
2437,26866,0
2438,20437,0
2439,24765,0
2440,18422,0
2441,22750,1
2442,15027,0
2443,26434,1
2444,28160,0
2445,23291,0
2446,24224,0
2447,16501,1
2448,21911,0
2449,21370,1
2450,25933,0
2451,18084,1
2452,11867,0
2453,20523,1
2454,27281,0
2455,18625,0
2456,16736,0
2457,12823,0
2458,14815,0
2459,25392,1
2460,21479,0
2461,21997,1
2462,29202,0
2463,27407,0
2464,22538,0
2465,12588,0
2466,11114,0
2467,15442,0
2468,13129,0
2469,24639,0
2470,15983,0
2471,11655,0
2472,20311,1
2473,27493,0
2474,28034,1
2475,14509,1
2476,19378,0
2477,23706,0
2478,13968,0
2479,18837,0
2480,23165,0
2481,28575,1
2482,18734,0
2483,20208,0
2484,21413,0
2485,14466,1
2486,14274,0
2487,24453,1
2488,14297,0
2489,23056,0
2490,24138,0
2491,22979,1
2492,12900,1
2493,22810,0
2494,11595,1
2495,24284,0
2496,27516,0
2497,16109,0
2498,19939,0
2499,28406,0
2500,13215,0
2501,23248,0
2502,28890,0
2503,15671,0
2504,26932,0
2505,14635,1
2506,27324,0
2507,17337,0
2508,26288,0
2509,26763,0
2510,14028,1
2511,24891,0
2512,24722,0
2513,16899,0
2514,28137,0
2515,12179,0
2516,15425,0
2517,19126,1
2518,20600,0
2519,25289,0
2520,22166,0
2521,15502,0
2522,19295,0
2523,22664,1
2524,11987,0
2525,12554,0
2526,16584,0
2527,24207,0
2528,12256,0
2529,26663,0
2530,13822,0
2531,17068,0
2532,28721,0
2533,15296,0
2534,18542,1
2535,19624,0
2536,20752,0
2537,27891,0
2538,12571,0
2539,23809,0
2540,29219,1
2541,11097,0
2542,12425,0
2543,23454,1
2544,16507,0
2545,13444,0
2546,15110,1
2547,11174,1
2548,16315,0
2549,21038,0
2550,13636,0
2551,14841,0
2552,15279,0
2553,28346,1
2554,19109,0
2555,14045,0
2556,17981,0
2557,13653,0
2558,11343,0
2559,11970,0
2560,27762,0
2561,15127,0
2562,22057,0
2563,23139,0
2564,20583,0
2565,13198,0
2566,27593,0
2567,16424,0
2568,12817,0
2569,16753,1
2570,14197,1
2571,22681,1
2572,28781,0
2573,14672,0
2574,27138,0
2575,23892,0
2576,27307,0
2577,18651,0
2578,19956,0
2579,28612,0
2580,21599,0
2581,29365,0
2582,25037,0
2583,25535,1
2584,22418,0
2585,17898,0
2586,14652,0
2587,18980,0
2588,28973,0
2589,23308,0
2590,26511,0
2591,21834,0
2592,26119,0
2593,18356,0
2594,20394,0
2595,26823,0
2596,24831,0
2597,17523,0
2598,25664,1
2599,16959,0
2600,19830,0
2601,17838,0
2602,28220,0
2603,28907,0
2604,27702,0
2605,16882,0
2606,24267,1
2607,16049,1
2608,18920,0
2609,19312,0
2610,11048,0
2611,12365,0
2612,23434,0
2613,20191,0
2614,12614,0
2615,25349,0
2616,15170,0
2617,22996,1
2618,11486,0
2619,13401,1
2620,13009,0
2621,11927,0
2622,20878,0
2623,21960,1
2624,29348,0
2625,12130,0
2626,19438,0
2627,28515,0
2628,27951,0
2629,20643,0
2630,17964,0
2631,15923,0
2632,27433,0
2633,12883,1
2634,25867,0
2635,14357,0
2636,26949,0
2637,11801,1
2638,16129,0
2639,12740,0
2640,25475,1
2641,21396,1
2642,21147,0
2643,23952,1
2644,14214,0
2645,17194,0
2646,19186,0
2647,13258,0
2648,12239,0
2649,29050,1
2650,23122,0
2651,28077,0
2652,18167,0
2653,26494,0
2654,15611,1
2655,11283,0
2656,29033,0
2657,14592,0
2658,24705,0
2659,19750,0
2660,11721,0
2661,23640,0
2662,11784,0
2663,22604,0
2664,18276,1
2665,18668,0
2666,27121,0
2667,14340,0
2668,14732,0
2669,15814,0
2670,14858,0
2671,12866,0
2672,21522,0
2673,23514,1
2674,19813,0
2675,11157,0
2676,16567,0
2677,27450,0
2678,17085,0
2679,13839,0
2680,23749,1
2681,18794,0
2682,22495,0
2683,12631,0
2684,21287,0
2685,13713,0
2686,18041,0
2687,22369,1
2688,21977,1
2689,26305,0
2690,25976,0
2691,20566,0
2692,13384,0
2693,18339,0
2694,17712,0
2695,24596,0
2696,11612,0
2697,20268,0
2698,22269,0
2699,12428,0
2700,26537,0
2701,29408,0
2702,19398,0
2703,25140,0
2704,15130,0
2705,22100,0
2706,22438,0
2707,20795,1
2708,23666,1
2709,13733,0
2710,24971,0
2711,12259,0
2712,23497,1
2713,16358,0
2714,15422,0
2715,25309,0
2716,13902,0
2717,27719,1
2718,13656,0
2719,19644,0
2720,26245,0
2721,20626,1
2722,12720,0
2723,13948,1
2724,28349,0
2725,28947,0
2726,26783,0
2727,14194,1
2728,22684,0
2729,21808,1
2730,25555,0
2731,16066,0
2732,18462,0
2733,14884,0
2734,24081,0
2735,22515,0
2736,19936,0
2737,24679,1
2738,21502,1
2739,11844,0
2740,12797,0
2741,13487,1
2742,13318,0
2743,22807,1
2744,21333,0
2745,23374,1
2746,13026,0
2747,24848,1
2748,22976,0
2749,27304,1
2750,21731,0
2751,14363,0
2752,16527,0
2753,15837,1
2754,20165,0
2755,18001,0
2756,14609,0
2757,27012,1
2758,11383,0
2759,28887,0
2760,28718,1
2761,11552,0
2762,22790,0
2763,11861,0
2764,24187,0
2765,18353,0
2766,20274,0
2767,24264,0
2768,22959,0
2769,17125,0
2770,15651,0
2771,27135,1
2772,19046,0
2773,25661,0
2774,21579,0
2775,14177,0
2776,12030,0
2777,23391,0
2778,16298,0
2779,21917,1
2780,17294,0
2781,12966,1
2782,14440,0
2783,13504,0
2784,15668,0
2785,26597,1
2786,17941,0
2787,18937,0
2788,26076,0
2789,14715,1
2790,19458,1
2791,14025,0
2792,16189,0
2793,24602,0
2794,26766,1
2795,25123,0
2796,28071,0
2797,19415,0
2798,25907,0
2799,20105,1
2800,16773,0
2801,12445,1
2802,21101,0
2803,12551,0
2804,27244,0
2805,28240,0
2806,23912,0
2807,26554,1
2808,13135,0
2809,17463,0
2810,15299,0
2811,14775,0
2812,23265,0
2813,26136,0
2814,21227,1
2815,25495,1
2816,19753,0
2817,18187,0
2818,15608,0
2819,16172,0
2820,15113,0
2821,20686,0
2822,17984,0
2823,26723,0
2824,11735,0
2825,15316,0
2826,26969,1
2827,24954,1
2828,21622,0
2829,12276,0
2830,21519,0
2831,23683,0
2832,13301,0
2833,13842,0
2834,15190,0
2835,22850,0
2836,14549,0
2837,13152,1
2838,14406,0
2839,29133,1
2840,29468,0
2841,23895,1
2842,20122,1
2843,27118,0
2844,26428,0
2845,28592,0
2846,16023,0
2847,14008,0
2848,19338,0
2849,27994,1
2850,19810,0
2851,11366,0
2852,17354,0
2853,25369,0
2854,18648,1
2855,13716,1
2856,25352,1
2857,12949,1
2858,11028,0
2859,17881,0
2860,29242,0
2861,26371,1
2862,12047,0
2863,17480,0
2864,16484,0
2865,27845,0
2866,20351,0
2867,25830,0
2868,18336,1
2869,11569,0
2870,15482,0
2871,20915,0
2872,19441,0
2873,12611,0
2874,16939,0
2875,28701,0
2876,24373,1
2877,23972,0
2878,19355,1
2879,25847,0
2880,22498,1
2881,15465,0
2882,11137,0
2883,20829,0
2884,17277,0
2885,26740,0
2886,27430,0
2887,25266,0
2888,12133,0
2889,15897,0
2890,28120,0
2891,16587,0
2892,25956,1
2893,13192,0
2894,26262,1
2895,24098,0
2896,21934,1
2897,28426,1
2898,21393,0
2899,27885,0
2900,17065,0
2901,19229,1
2902,11263,0
2903,24247,1
2904,22624,0
2905,22083,1
2906,26952,0
2907,15591,0
2908,24788,0
2909,17360,0
2910,21605,0
2911,27178,1
2912,13092,0
2913,22910,0
2914,28744,1
2915,14489,0
2916,15794,0
2917,23102,1
2918,21436,0
2919,11695,0
2920,24307,0
2921,23079,1
2922,12923,0
2923,22833,0
2924,21267,0
2925,11887,0
2926,21705,0
2927,24576,1
2928,22641,0
2929,25704,0
2930,25950,0
2931,19003,0
2932,26142,0
2933,28552,0
2934,28306,0
2935,18565,0
2936,27616,0
2937,19103,1
2938,23348,0
2939,13530,1
2940,14051,0
2941,12485,0
2942,20477,0
2943,21167,0
2944,15525,0
2945,13859,0
2946,13361,0
2947,11180,1
2948,12654,0
2949,20669,0
2950,24038,0
2951,21874,0
2952,11964,0
2953,15694,0
2954,15196,0
2955,19524,0
2956,28037,0
2957,14320,0
2958,13630,0
2959,17958,0
2960,27347,1
2961,25183,0
2962,18834,0
2963,17168,1
2964,15004,0
2965,13613,0
2966,27676,0
2967,17858,0
2968,12594,0
2969,19541,0
2970,12402,1
2971,24805,0
2972,23786,0
2973,16839,1
2974,27868,1
2975,26471,0
2976,26202,0
2977,15087,0
2978,24997,0
2979,19710,0
2980,25014,0
2981,21184,0
2982,29342,0
2983,22203,0
2984,26033,0
2985,22395,0
2986,18313,0
2987,26640,0
2988,18067,0
2989,21376,1
2990,11778,0
2991,23978,0
2992,16401,0
2993,14237,0
2994,20729,0
2995,19255,0
2996,25452,0
2997,15711,0
2998,16922,0
2999,24367,0
3000,17420,0
3001,15903,0
3002,24559,1
3003,16730,0
3004,27287,0
3005,17251,0
3006,29259,0
3007,11947,0
3008,11449,0
3009,19086,0
3010,15256,0
3011,18894,1
3012,14566,0
3013,15585,0
3014,11257,0
3015,25621,0
3016,27785,1
3017,14068,0
3018,20560,0
3019,18396,0
3020,11904,0
3021,22724,1
3022,19020,1
3023,18379,0
3024,21891,0
3025,21058,0
3026,28930,0
3027,14944,0
3028,19853,1
3029,26328,0
3030,15508,0
3031,26892,1
3032,17815,0
3033,28366,0
3034,16341,0
3035,17546,0
3036,13109,0
3037,29199,0
3038,13547,0
3039,14380,0
3040,11635,1
3041,25057,0
3042,21814,0
3043,12468,0
3044,23288,0
3045,13816,0
3046,22017,1
3047,19289,0
3048,24728,0
3049,27802,0
3050,19146,0
3051,19979,1
3052,27161,0
3053,15382,0
3054,18505,1
3055,29325,1
3056,23852,0
3057,15980,0
3058,12199,0
3059,20855,0
3060,12342,0
3061,23162,0
3062,27490,0
3063,25326,0
3064,14506,1
3065,11509,0
3066,13673,1
3067,21107,0
3068,26016,0
3069,14254,1
3070,27035,1
3071,23145,0
3072,11761,0
3073,22126,1
3074,12216,1
3075,17689,0
3076,12780,1
3077,11197,0
3078,28509,0
3079,24164,0
3080,17672,0
3081,14818,0
3082,16215,0
3083,26580,1
3084,20543,0
3085,12325,0
3086,21562,0
3087,17234,0
3088,16653,0
3089,23036,0
3090,18127,0
3091,20291,0
3092,19601,0
3093,18582,0
3094,24416,0
3095,15070,0
3096,18817,0
3097,17563,0
3098,27473,0
3099,23726,0
3100,16089,0
3101,25200,1
3102,17798,0
3103,16544,0
3104,24745,0
3105,26454,0
3106,19272,1
3107,27928,0
3108,17108,1
3109,25764,1
3110,27599,0
3111,23271,0
3112,20746,0
3113,11071,1
3114,24055,0
3115,15399,0
3116,18253,0
3117,24290,0
3118,19962,0
3119,22581,0
3120,26514,0
3121,22246,0
3122,23812,1
3123,26345,1
3124,20772,0
3125,25117,0
3126,13633,0
3127,12236,0
3128,23474,1
3129,12405,1
3130,15030,0
3131,24871,0
3132,18316,0
3133,12574,0
3134,14048,0
3135,27573,0
3136,26683,0
3137,20434,1
3138,25455,0
3139,17732,0
3140,17978,0
3141,19206,0
3142,27911,1
3143,28157,1
3144,14692,0
3145,26929,0
3146,17088,0
3147,16258,1
3148,24058,0
3149,12820,0
3150,11821,0
3151,28801,0
3152,21831,0
3153,25930,0
3154,14861,0
3155,22000,0
3156,19959,1
3157,23889,1
3158,11423,0
3159,13218,1
3160,20128,0
3161,15445,1
3162,21433,0
3163,22584,0
3164,13879,0
3165,12989,0
3166,11652,0
3167,17317,0
3168,16335,0
3169,25040,0
3170,20357,1
3171,27098,0
3172,16029,0
3173,18791,0
3174,27988,0
3175,28970,0
3176,17901,0
3177,16919,0
3178,21771,0
3179,25684,0
3180,28910,1
3181,18545,0
3182,11575,0
3183,24473,1
3184,12880,0
3185,28741,0
3186,17503,0
3187,25515,1
3188,27158,1
3189,24456,1
3190,25346,1
3191,20188,0
3192,13049,0
3193,16902,0
3194,22999,0
3195,18376,0
3196,23245,0
3197,19604,0
3198,16106,0
3199,12465,0
3200,17334,0
3201,11237,0
3202,14632,0
3203,23583,0
3204,21356,0
3205,14217,0
3206,17918,0
3207,26574,1
3208,17749,0
3209,21187,0
3210,22830,1
3211,17961,1
3212,11990,0
3213,22661,0
3214,13464,1
3215,24931,1
3216,16275,0
3217,24041,0
3218,27742,0
3219,15691,0
3220,20019,1
3221,14801,1
3222,23457,0
3223,23998,0
3224,29216,1
3225,11194,0
3226,22601,1
3227,12760,0
3228,11881,1
3229,16149,0
3230,25472,1
3231,19730,1
3232,26159,0
3233,21204,0
3234,15631,0
3235,27038,1
3236,29030,0
3237,16690,0
3238,12219,0
3239,17377,0
3240,12422,1
3241,20248,0
3242,14234,0
3243,14675,0
3244,13693,0
3245,21127,0
3246,22186,0
3247,25744,0
3248,25887,0
3249,20145,0
3250,27141,0
3251,13175,0
3252,11466,0
3253,18130,0
3254,23872,0
3255,18436,0
3256,27453,0
3257,16564,0
3258,17105,0
3259,27682,1
3260,18256,0
3261,26912,0
3262,15090,0
3263,25226,0
3264,18977,0
3265,14649,0
3266,21645,0
3267,12007,0
3268,16962,1
3269,29368,0
3270,24685,0
3271,23660,0
3272,23431,0
3273,11051,0
3274,21416,0
3275,22813,1
3276,28386,0
3277,14446,0
3278,18359,1
3279,16461,1
3280,24828,1
3281,24287,1
3282,14987,1
3283,20892,0
3284,16979,0
3285,20374,0
3286,15505,0
3287,15920,0
3288,16547,1
3289,22890,1
3290,18562,0
3291,24270,0
3292,18021,0
3293,12863,0
3294,26285,0
3295,21957,0
3296,26388,0
3297,24811,0
3298,23016,0
3299,12110,0
3300,18774,0
3301,14031,0
3302,29445,0
3303,14572,0
3304,12651,0
3305,19315,1
3306,27971,1
3307,11177,1
3308,26497,0
3309,24702,0
3310,16046,0
3311,25243,0
3312,17520,0
3313,17606,0
3314,13819,1
3315,18147,0
3316,26803,0
3317,12345,0
3318,17214,0
3319,11804,0
3320,25870,0
3321,21542,0
3322,16673,1
3323,22933,0
3324,13115,0
3325,18688,1
3326,14420,0
3327,11549,0
3328,27201,0
3329,12946,1
3330,23125,0
3331,24330,1
3332,21728,0
3333,15717,0
3334,26886,1
3335,13261,0
3336,14589,0
3337,29036,0
3338,17191,0
3339,18857,0
3340,19893,0
3341,27370,0
3342,18665,0
3343,18419,0
3344,11111,0
3345,25412,0
3346,19816,1
3347,27808,0
3348,11280,0
3349,24015,0
3350,23517,1
3351,13338,0
3352,14151,1
3353,15233,0
3354,21974,0
3355,12677,0
3356,11864,0
3357,19026,0
3358,24599,0
3359,23746,0
3360,25973,0
3361,20898,1
3362,18044,1
3363,21290,1
3364,25581,0
3365,12193,0
3366,27447,0
3367,27639,0
3368,14904,0
3369,15986,0
3370,17460,0
3371,20706,0
3372,16378,0
3373,13590,0
3374,27699,0
3375,15488,0
3376,16816,1
3377,17835,0
3378,23500,0
3379,17666,0
3380,25143,0
3381,24974,1
3382,26448,0
3383,11034,0
3384,11924,0
3385,19063,0
3386,17589,0
3387,18917,1
3388,29282,0
3389,25598,0
3390,18027,0
3391,20975,0
3392,16647,0
3393,15565,0
3394,14091,0
3395,24124,0
3396,17443,0
3397,16945,0
3398,22873,1
3399,24582,0
3400,23371,0
3401,15734,0
3402,21144,1
3403,24390,0
3404,17208,0
3405,12033,0
3406,12508,1
3407,26617,0
3408,21897,0
3409,26056,0
3410,20646,0
3411,17400,0
3412,23202,1
3413,25429,0
3414,14260,0
3415,22916,1
3416,18588,1
3417,18290,0
3418,11363,0
3419,23955,1
3420,15342,0
3421,28283,0
3422,13447,0
3423,21273,0
3424,15439,1
3425,26869,1
3426,19043,0
3427,19876,1
3428,20517,0
3429,28343,0
3430,16487,0
3431,16318,0
3432,18479,0
3433,17005,0
3434,18874,0
3435,15800,0
3436,17792,1
3437,19358,0
3438,11532,0
3439,11094,0
3440,27905,0
3441,14529,0
3442,22355,0
3443,25990,0
3444,13006,0
3445,12319,0
3446,24221,0
3447,13650,0
3448,23042,1
3449,23829,0
3450,18605,0
3451,25269,0
3452,13885,0
3453,16756,0
3454,15047,0
3455,18748,0
3456,23703,1
3457,21476,1
3458,15359,0
3459,20002,0
3460,25787,0
3461,17131,0
3462,29299,0
3463,18087,1
3464,28784,1
3465,24785,0
3466,13965,0
3467,20314,0
3468,19232,0
3469,23560,0
3470,24642,0
3471,22229,0
3472,11658,0
3473,12491,1
3474,21788,1
3475,26116,0
3476,13132,0
3477,25034,0
3478,14277,0
3479,20205,0
3480,28578,0
3481,28031,0
3482,26039,1
3483,11738,0
3484,17148,0
3485,11220,1
3486,16175,0
3487,12803,0
3488,14795,1
3489,15674,0
3490,23686,1
3491,18230,1
3492,24659,1
3493,28987,0
3494,19249,1
3495,16112,0
3496,23185,1
3497,29096,0
3498,27513,0
3499,24957,0
3500,12176,0
3501,25160,0
3502,17775,0
3503,26431,0
3504,15877,0
3505,17586,0
3506,22730,1
3507,28140,0
3508,28469,0
3509,24204,1
3510,19123,1
3511,12694,0
3512,25678,1
3513,29222,0
3514,13321,0
3515,23059,0
3516,14403,1
3517,21585,0
3518,12302,0
3519,25286,1
3520,25913,1
3521,16630,0
3522,17257,0
3523,26368,0
3524,27842,0
3525,18047,0
3526,20918,1
3527,16481,0
3528,26491,0
3529,20749,1
3530,11031,0
3531,25017,0
3532,23789,0
3533,22146,0
3534,22392,0
3535,12382,0
3536,23620,1
3537,11200,0
3538,19690,0
3539,25263,0
3540,15176,0
3541,16650,1
3542,28303,1
3543,17878,1
3544,29239,0
3545,18124,0
3546,26829,0
3547,27427,0
3548,26906,0
3549,15545,0
3550,28472,0
3551,17417,0
3552,26122,1
3553,11446,0
3554,24556,1
3555,12136,0
3556,14669,0
3557,15943,0
3558,17709,0
3559,14071,0
3560,20059,0
3561,22913,0
3562,23958,0
3563,18585,1
3564,15253,0
3565,25432,0
3566,18983,1
3567,27888,0
3568,16819,0
3569,27198,1
3570,29362,1
3571,22744,0
3572,12903,0
3573,11907,0
3574,11429,0
3575,27181,0
3576,19000,0
3577,25492,0
3578,13072,0
3579,14300,0
3580,23437,0
3581,24018,0
3582,17188,0
3583,21516,0
3584,16252,0
3585,12657,0
3586,24327,1
3587,14778,0
3588,21270,1
3589,18568,0
3590,19796,0
3591,15714,0
3592,24665,0
3593,27075,1
3594,24911,1
3595,11277,0
3596,21854,0
3597,25601,0
3598,22375,0
3599,18416,0
3600,12488,0
3601,11798,0
3602,20689,0
3603,29345,0
3604,21164,0
3605,11967,0
3606,23328,0
3607,15236,0
3608,29471,1
3609,14546,0
3610,16710,0
3611,20211,1
3612,16667,0
3613,13962,1
3614,15193,0
3615,23849,0
3616,21685,0
3617,22332,1
3618,24496,1
3619,26660,0
3620,25970,1
3621,28134,0
3622,26182,1
3623,17692,0
3624,19707,0
3625,22578,1
3626,24144,0
3627,20563,0
3628,16126,1
3629,21745,0
3630,18525,0
3631,27015,0
3632,16836,0
3633,19166,0
3634,27656,1
3635,15654,0
3636,18233,0
3637,27579,0
3638,15362,0
3639,11781,0
3640,15067,0
3641,13593,0
3642,26677,0
3643,12963,1
3644,21668,0
3645,23142,0
3646,12322,0
3647,13255,0
3648,11632,0
3649,13796,0
3650,18107,1
3651,25767,0
3652,25910,0
3653,24201,1
3654,11489,0
3655,17231,0
3656,16421,1
3657,15757,0
3658,25077,0
3659,26600,0
3660,18797,0
3661,14947,0
3662,20271,0
3663,23603,0
3664,28074,1
3665,20414,0
3666,13381,1
3667,22037,0
3668,15731,1
3669,21980,0
3670,18399,0
3671,19581,0
3672,14257,1
3673,23909,0
3674,27241,0
3675,23268,1
3676,18940,0
3677,27367,0
3678,13089,0
3679,12548,0
3680,24851,0
3681,22272,0
3682,17002,0
3683,20961,1
3684,24310,0
3685,20397,0
3686,26325,0
3687,25784,1
3688,14964,0
3689,15528,0
3690,19856,0
3691,17543,0
3692,21871,0
3693,22349,0
3694,17340,0
3695,23832,0
3696,18814,0
3697,14486,0
3698,20978,0
3699,15419,0
3700,11091,0
3701,20288,0
3702,15960,0
3703,14360,0
3704,22020,0
3705,15379,0
3706,12674,0
3707,14838,0
3708,23494,0
3709,21330,0
3710,22561,0
3711,16069,0
3712,26474,1
3713,13905,0
3714,19982,1
3715,17818,0
3716,12800,0
3717,19292,0
3718,28489,0
3719,12196,0
3720,13670,0
3721,11506,0
3722,15050,0
3723,12886,0
3724,18711,0
3725,21559,0
3726,25827,0
3727,20085,0
3728,18880,0
3729,12969,0
3730,22787,0
3731,25658,0
3732,24161,0
3733,21751,0
3734,13046,0
3735,22956,1
3736,24184,0
3737,25558,0
3738,27032,1
3739,26096,0
3740,18519,0
3741,28260,0
3742,20185,0
3743,25996,0
3744,27662,1
3745,17483,0
3746,27470,0
3747,28698,0
3748,26265,0
3749,17752,0
3750,15402,0
3751,16876,0
3752,26594,1
3753,20792,1
3754,15210,0
3755,23915,1
3756,27931,1
3757,12777,0
3758,16086,0
3759,19916,0
3760,29305,0
3761,14712,0
3762,18442,0
3763,12448,1
3764,14612,1
3765,16278,0
3766,16776,1
3767,26703,0
3768,13922,0
3769,23477,1
3770,17812,0
3771,27722,0
3772,13567,0
3773,12093,0
3774,22458,0
3775,29405,1
3776,22266,0
3777,24951,0
3778,23646,0
3779,25120,0
3780,16169,0
3781,19587,0
3782,21230,0
3783,16985,1
3784,23723,0
3785,22249,0
3786,22704,0
3787,17921,0
3788,23932,0
3789,23285,0
3790,21811,0
3791,19647,0
3792,26534,0
3793,13484,1
3794,19149,1
3795,23394,0
3796,24868,0
3797,14695,1
3798,12010,0
3799,20623,1
3800,27115,0
3801,18459,0
3802,11841,0
3803,14005,0
3804,28867,0
3805,11320,0
3806,19976,0
3807,15648,0
3808,12339,0
3809,13029,1
3810,13676,0
3811,20168,0
3812,15840,0
3813,11512,1
3814,21642,0
3815,12986,0
3816,15150,0
3817,17314,0
3818,19478,1
3819,21937,0
3820,26846,0
3821,26205,0
3822,20371,0
3823,19899,0
3824,15462,0
3825,16859,0
3826,27679,1
3827,17500,0
3828,18502,0
3829,28884,0
3830,18897,1
3831,16464,0
3832,28243,0
3833,18333,0
3834,12860,0
3835,20935,0
3836,14426,0
3837,13988,0
3838,26282,0
3839,11589,0
3840,12027,0
3841,25449,0
3842,23975,1
3843,13155,0
3844,22501,0
3845,22206,0
3846,11386,0
3847,24370,0
3848,15024,0
3849,23680,1
3850,18771,0
3851,16590,0
3852,26408,0
3853,25246,1
3854,17938,0
3855,20102,0
3856,19461,0
3857,26720,1
3858,25810,0
3859,16733,0
3860,27974,0
3861,15259,0
3862,26079,0
3863,17423,0
3864,18628,1
3865,11117,0
3866,24101,0
3867,15588,0
3868,11260,0
3869,14898,0
3870,20606,0
3871,11950,0
3872,24934,0
3873,22770,1
3874,14114,0
3875,29119,1
3876,12591,0
3877,14755,0
3878,25575,0
3879,21247,0
3880,23099,0
3881,18190,0
3882,13281,0
3883,22080,0
3884,19209,0
3885,25137,0
3886,28555,1
3887,16152,0
3888,12734,1
3889,24118,1
3890,17171,0
3891,15133,0
3892,21625,0
3893,19664,1
3894,13736,0
3895,12279,0
3896,16607,0
3897,12717,0
3898,23082,0
3899,22644,0
3900,17735,1
3901,22063,1
3902,17626,0
3903,14191,0
3904,25498,0
3905,22518,0
3906,23537,0
3907,14881,1
3908,15571,0
3909,11824,0
3910,20480,1
3911,20809,1
3912,24227,1
3913,23208,0
3914,28446,0
3915,21499,1
3916,11134,0
3917,12843,0
3918,28681,0
3919,20025,1
3920,22189,0
3921,21828,0
3922,15336,0
3923,13172,0
3924,11698,0
3925,16026,0
3926,24682,0
3927,14317,0
3928,18645,0
3929,22973,1
3930,27301,1
3931,23663,0
3932,15007,0
3933,21044,1
3934,27991,0
3935,12451,0
3936,16719,1
3937,21156,0
3938,11146,0
3939,18116,0
3940,23689,0
3941,22461,0
3942,18362,0
3943,15660,0
3944,29185,1
3945,24027,0
3946,17778,0
3947,12620,0
3948,22799,1
3949,15076,0
3950,26483,1
3951,26729,0
3952,15322,0
3953,25501,0
3954,25255,1
3955,16550,0
3956,12036,0
3957,24273,0
3958,13602,0
3959,14432,0
3960,15829,0
3961,21402,0
3962,26145,0
3963,19175,0
3964,12205,0
3965,17303,0
3966,17472,0
3967,12789,0
3968,11223,0
3969,25916,1
3970,14661,0
3971,28372,0
3972,22384,1
3973,13679,0
3974,17701,0
3975,24442,1
3976,16135,1
3977,11807,0
3978,24840,0
3979,15245,1
3980,14263,0
3981,11621,0
3982,24688,0
3983,17549,0
3984,23383,1
3985,21462,0
3986,15016,0
3987,29125,0
3988,13018,0
3989,21631,0
3990,14323,0
3991,16244,0
3992,12849,0
3993,17718,0
3994,13264,0
3995,23045,0
3996,17887,0
3997,15906,0
3998,19988,0
3999,24857,0
4000,22155,0
4001,12222,0
4002,27711,0
4003,25484,0
4004,14907,1
4005,21571,0
4006,13433,0
4007,17134,0
4008,25272,0
4009,11375,0
4010,12680,0
4011,18133,0
4012,16659,0
4013,25315,0
4014,20572,0
4015,28710,1
4016,23841,0
4017,20403,1
4018,16075,0
4019,26958,0
4020,14601,0
4021,19776,0
4022,24104,0
4023,11163,0
4024,15491,0
4025,19819,0
4026,23214,1
4027,27542,0
4028,18345,0
4029,15059,0
4030,17074,0
4031,19235,0
4032,18548,0
4033,12806,0
4034,25610,0
4035,14203,0
4036,16533,0
4037,24382,0
4038,15677,0
4039,15136,0
4040,13144,0
4041,25856,0
4042,14721,1
4043,17592,0
4044,28558,0
4045,24562,0
4046,22985,1
4047,12265,0
4048,28999,1
4049,19699,0
4050,19158,1
4051,20632,0
4052,21173,1
4053,25103,0
4054,21047,0
4055,16092,0
4056,18820,0
4057,15474,0
4058,14618,0
4059,15780,0
4060,24797,0
4061,17346,0
4062,14077,0
4063,12603,0
4064,26128,1
4065,26271,0
4066,15600,0
4067,21588,0
4068,11993,0
4069,16321,0
4070,22570,0
4071,14306,0
4072,18007,1
4073,24044,0
4074,20114,0
4075,22029,0
4076,11850,0
4077,19573,0
4078,29311,0
4079,28246,1
4080,15889,0
4081,26254,1
4082,21817,0
4083,25212,0
4084,14847,0
4085,11452,0
4086,26772,1
4087,18946,0
4088,22859,0
4089,28787,0
4090,23815,0
4091,27728,0
4092,18405,1
4093,16931,0
4094,21800,0
4095,24874,0
4096,24333,0
4097,22341,1
4098,26686,1
4099,24671,0
4100,16948,0
4101,21276,0
4102,13450,0
4103,15371,0
4104,12909,0
4105,11976,0
4106,11435,1
4107,16845,0
4108,15262,0
4109,20217,1
4110,21926,0
4111,13247,0
4112,18531,0
4113,27187,0
4114,22444,0
4115,13788,0
4116,24459,0
4117,17990,0
4118,23400,1
4119,11349,1
4120,19464,0
4121,25713,0
4122,21385,0
4123,17363,0
4124,26019,0
4125,23612,0
4126,13035,1
4127,26560,0
4128,17904,0
4129,12494,0
4130,22232,0
4131,24545,1
4132,13161,0
4133,11833,0
4134,17429,0
4135,21774,0
4136,21697,0
4137,20469,0
4138,20300,0
4139,21505,0
4140,14781,1
4141,14389,0
4142,29082,0
4143,22902,0
4144,12079,1
4145,16347,1
4146,11687,1
4147,24376,0
4148,26380,0
4149,15863,0
4150,25942,0
4151,23340,1
4152,18465,1
4153,13307,0
4154,27170,0
4155,23486,0
4156,24568,1
4157,24814,1
4158,26042,0
4159,20692,0
4160,27024,0
4161,19387,0
4162,15594,0
4163,13553,0
4164,22258,1
4165,17160,1
4166,20861,0
4167,28000,0
4168,22733,1
4169,19487,0
4170,21259,0
4171,18013,0
4172,25773,0
4173,21943,1
4174,15388,0
4175,18634,0
4176,15786,0
4177,26855,0
4178,14120,0
4179,16178,0
4180,12348,0
4181,16676,0
4182,28329,1
4183,22696,0
4184,15534,0
4185,23715,0
4186,26586,0
4187,25398,0
4188,25567,0
4189,26872,0
4190,19470,0
4191,26417,0
4192,25189,1
4193,15033,1
4194,17008,0
4195,12477,0
4196,11080,0
4197,18259,0
4198,21113,0
4199,13951,1
4200,16785,0
4201,13559,0
4202,28252,0
4203,23924,0
4204,25644,0
4205,24316,0
4206,21614,0
4207,24170,1
4208,27668,0
4209,22842,1
4210,28060,1
4211,11704,1
4212,19862,0
4213,20360,0
4214,16161,0
4215,12915,0
4216,23563,0
4217,25790,0
4218,27499,1
4219,18843,1
4220,15142,0
4221,26025,0
4222,16616,0
4223,11249,0
4224,25833,0
4225,17177,1
4226,20615,1
4227,24943,0
4228,24645,0
4229,14060,0
4230,18388,0
4231,14950,0
4232,19278,0
4233,18886,0
4234,13476,0
4235,14558,0
4236,17804,0
4237,14372,0
4238,24190,1
4239,19922,0
4240,17930,0
4241,17243,0
4242,12288,0
4243,23672,0
4244,12975,0
4245,15846,0
4246,26228,1
4247,26915,0
4248,14890,0
4249,24754,0
4250,23875,0
4251,18717,0
4252,15328,0
4253,27230,1
4254,12019,0
4255,28704,0
4256,22793,1
4257,19012,0
4258,19404,1
4259,21319,0
4260,20486,0
4261,19845,0
4262,13934,0
4263,11893,0
4264,23231,0
4265,24485,1
4266,21239,1
4267,26477,0
4268,14575,1
4269,21757,1
4270,13101,1
4271,17446,0
4272,23154,0
4273,15408,0
4274,24628,0
4275,15972,0
4276,17117,1
4277,14449,0
4278,27041,0
4279,22713,0
4280,26712,0
4281,18199,0
4282,18448,0
4283,19673,0
4284,24001,0
4285,22919,0
4286,23028,0
4287,25020,0
4288,15202,0
4289,19092,0
4290,22149,1
4291,21130,1
4292,26085,0
4293,28438,0
4294,13118,0
4295,17618,1
4296,24502,0
4297,11644,0
4298,28956,0
4299,15219,0
4300,19656,0
4301,20675,1
4302,20048,0
4303,15720,0
4304,25003,0
4305,14137,0
4306,18073,1
4307,12663,0
4308,20927,0
4309,16599,0
4310,27356,0
4311,14764,1
4312,25458,0
4313,15093,0
4314,13290,0
4315,11518,0
4316,20174,0
4317,13619,0
4318,17947,1
4319,26603,0
4320,25584,0
4321,17555,0
4322,17320,0
4323,12992,0
4324,11910,0
4325,16865,0
4326,12537,0
4327,27685,1
4328,19029,0
4329,20801,0
4330,16473,1
4331,29457,1
4332,12145,0
4333,22530,1
4334,28103,0
4335,18262,0
4336,13825,0
4337,16911,1
4338,23835,0
4339,12474,0
4340,18093,1
4341,28272,0
4342,22361,0
4343,21133,1
4344,11077,0
4345,19736,1
4346,20964,0
4347,22607,0
4348,17924,0
4349,26875,0
4350,11246,0
4351,16988,1
4352,25063,0
4353,29331,0
4354,23589,0
4355,16450,0
4356,25693,1
4357,14286,0
4358,27811,0
4359,25401,0
4360,24173,0
4361,15222,0
4362,14455,0
4363,12889,0
4364,29039,1
4365,20549,0
4366,13579,0
4367,13410,1
4368,21425,0
4369,23297,0
4370,21900,1
4371,20718,0
4372,16619,0
4373,22192,0
4374,15053,0
4375,18385,0
4376,17403,0
4377,11415,1
4378,15929,0
4379,20257,0
4380,23068,0
4381,25232,0
4382,27396,0
4383,24542,0
4384,20443,0
4385,27582,1
4386,25922,0
4387,21485,0
4388,14824,1
4389,14515,1
4390,24880,1
4391,26108,0
4392,14346,0
4393,18969,0
4394,17572,0
4395,11767,0
4396,23128,0
4397,25939,0
4398,26935,0
4399,12872,0
4400,16098,0
4401,15574,1
4402,21316,1
4403,26185,0
4404,19842,0
4405,24465,1
4406,13350,0
4407,17678,0
4408,28518,0
4409,17157,0
4410,18153,0
4411,17847,0
4412,12182,0
4413,18631,0
4414,16467,0
4415,13241,0
4416,15162,0
4417,17326,0
4418,23818,1
4419,16636,1
4420,13931,0
4421,18800,0
4422,26354,0
4423,14993,0
4424,11661,0
4425,15989,0
4426,19321,0
4427,23649,0
4428,12351,0
4429,22716,0
4430,20011,1
4431,27934,0
4432,25770,0
4433,29314,0
4434,19968,0
4435,24296,0
4436,26460,0
4437,20609,0
4438,29099,0
4439,15700,0
4440,15036,1
4441,12165,0
4442,23480,0
4443,17097,0
4444,13639,0
4445,27625,0
4446,17174,1
4447,27061,1
4448,25587,0
4449,14226,0
4450,18279,0
4451,20532,0
4452,16264,0
4453,12660,1
4454,25249,0
4455,24021,0
4456,11186,0
4457,18076,1
4458,11827,0
4459,21073,1
4460,21714,1
4461,12534,1
4462,28684,0
4463,12368,0
4464,14100,0
4465,20383,1
4466,15239,0
4467,11750,0
4468,13765,0
4469,22421,1
4470,27353,1
4471,14641,0
4472,25461,0
4473,29225,0
4474,26151,0
4475,12062,0
4476,23423,0
4477,17864,0
4478,12291,0
4479,14698,0
4480,26520,0
4481,20947,0
4482,13536,0
4483,25879,0
4484,12932,0
4485,12242,0
4486,13075,0
4487,11601,0
4488,11060,0
4489,24585,0
4490,11458,0
4491,18783,0
4492,16862,0
4493,24356,0
4494,11953,0
4495,25753,1
4496,20844,0
4497,15010,0
4498,24897,0
4499,22318,0
4500,23792,0
4501,22882,0
4502,18860,0
4503,16407,0
4504,20735,1
4505,19261,0
4506,14933,0
4507,27768,1
4508,15912,0
4509,22404,1
4510,13991,0
4511,20240,0
4512,23878,0
4513,12517,0
4514,17386,0
4515,26858,1
4516,16281,0
4517,24937,0
4518,16493,0
4519,25172,1
4520,15803,0
4521,17967,1
4522,18680,0
4523,26646,0
4524,24482,0
4525,22773,0
4526,14117,0
4527,29022,0
4528,18445,0
4529,12643,0
4530,23463,1
4531,13184,0
4532,26168,0
4533,14807,1
4534,16971,0
4535,28332,0
4536,24004,0
4537,15348,0
4538,21150,0
4539,16822,0
4540,23314,0
4541,25478,1
4542,27642,0
4543,23194,1
4544,27439,0
4545,18926,0
4546,25873,1
4547,11810,0
4548,17452,0
4549,20131,1
4550,21797,0
4551,20400,1
4552,21628,1
4553,13453,0
4554,17283,0
4555,21528,1
4556,20592,0
4557,26234,0
4558,24230,0
4559,27708,1
4560,21966,0
4561,17529,0
4562,23440,0
4563,25604,0
4564,24668,1
4565,16155,1
4566,17091,0
4567,14681,0
4568,25796,0
4569,11372,0
4570,29182,1
4571,19885,1
4572,12746,0
4573,22235,0
4574,28398,1
4575,14220,0
4576,24130,1
4577,19195,0
4578,12846,0
4579,12577,0
4580,22564,1
4581,29374,0
4582,25275,0
4583,23709,0
4584,16762,0
4585,27539,0
4586,12056,0
4587,28913,1
4588,22925,1
4589,26065,0
4590,12248,1
4591,23901,0
4592,28229,0
4593,14412,0
4594,13722,0
4595,18050,1
4596,19447,1
4597,23692,1
4598,18428,0
4599,25375,0
4600,26394,0
4601,19616,0
4602,13782,0
4603,12139,0
4604,25166,1
4605,18236,0
4606,28146,1
4607,12308,0
4608,25358,1
4609,12955,0
4610,17781,0
4611,19902,0
4612,20921,0
4613,15365,0
4614,16307,0
4615,26832,1
4616,28996,0
4617,14143,0
4618,22504,0
4619,12763,0
4620,15119,0
4621,19364,0
4622,27522,1
4623,18866,1
4624,16138,0
4625,14429,0
4626,23085,0
4627,18674,0
4628,27330,1
4629,25982,0
4630,27456,0
4631,27977,0
4632,27648,0
4633,13974,0
4634,11120,0
4635,17612,0
4636,15448,0
4637,27691,0
4638,13284,0
4639,21983,0
4640,24147,0
4641,24837,1
4642,22673,0
4643,24854,0
4644,19945,0
4645,11432,0
4646,24213,1
4647,17907,0
4648,22816,0
4649,12829,0
4650,13470,0
4651,25687,0
4652,14867,0
4653,14303,0
4654,28289,0
4655,12998,0
4656,27725,0
4657,16905,1
4658,26251,1
4659,14472,0
4660,14034,0
4661,22252,0
4662,20778,0
4663,29291,0
4664,18176,0
4665,18471,0
4666,19304,0
4667,11870,0
4668,11229,0
4669,14598,0
4670,21545,0
4671,12560,0
4672,21216,0
4673,29417,0
4674,12703,0
4675,13908,0
4676,16072,1
4677,14741,0
4678,13267,0
4679,24087,0
4680,25418,0
4681,12434,0
4682,15743,0
4683,20904,1
4684,16576,0
4685,11558,0
4686,20214,1
4687,16198,0
4688,26941,0
4689,20088,1
4690,14160,0
4691,26563,0
4692,24070,0
4693,25089,1
4694,15179,0
4695,25544,0
4696,13705,1
4697,13141,0
4698,19633,1
4699,19069,0
4700,22487,0
4701,25561,0
4702,11103,0
4703,17595,0
4704,27018,0
4705,22690,0
4706,14724,0
4707,19052,0
4708,25106,0
4709,22942,1
4710,12122,0
4711,18614,1
4712,21468,0
4713,17140,0
4714,16779,0
4715,15760,0
4716,27144,0
4717,19507,0
4718,26689,1
4719,18033,0
4720,20197,1
4721,23961,1
4722,17469,1
4723,26125,0
4724,15995,0
4725,18159,0
4726,24651,1
4727,14615,0
4728,18943,0
4729,24980,0
4730,11996,0
4731,20652,0
4732,15634,0
4733,11306,0
4734,21342,0
4735,12686,0
4736,25670,1
4737,27834,0
4738,23506,0
4739,14850,0
4740,26775,0
4741,11100,0
4742,25209,0
4743,29477,0
4744,12497,0
4745,18070,1
4746,16765,0
4747,22507,1
4748,18408,0
4749,22169,0
4750,19636,0
4751,26437,0
4752,21279,0
4753,16596,0
4754,19298,0
4755,28249,0
4756,15614,1
4757,16842,0
4758,24319,0
4759,12912,1
4760,14140,0
4761,20526,0
4762,27190,1
4763,20051,0
4764,13387,0
4765,29231,0
4766,29062,0
4767,20220,1
4768,17180,1
4769,28664,1
4770,18654,0
4771,11913,0
4772,23397,1
4773,21923,0
4774,26022,0
4775,21694,0
4776,20449,0
4777,18883,0
4778,14555,0
4779,26606,0
4780,15537,0
4781,23168,0
4782,13971,0
4783,13081,0
4784,17409,1
4785,24150,1
4786,14538,0
4787,20466,0
4788,15843,0
4789,25853,0
4790,27436,0
4791,14369,0
4792,21508,0
4793,11744,0
4794,23151,1
4795,26377,1
4796,15766,0
4797,14970,0
4798,16012,0
4799,20635,0
4800,11684,0
4801,17240,0
4802,13158,0
4803,14386,0
4804,18714,0
4805,15428,0
4806,20881,1
4807,13911,0
4808,22567,0
4809,17824,0
4810,24794,0
4811,28189,1
4812,13954,0
4813,24625,0
4814,12159,0
4815,18823,1
4816,26546,0
4817,19882,0
4818,22524,0
4819,17071,0
4820,12743,0
4821,18992,0
4822,23320,0
4823,15597,0
4824,11269,0
4825,25962,0
4826,17655,0
4827,28232,0
4828,13327,0
4829,11853,0
4830,16181,0
4831,28435,0
4832,18594,0
4833,15723,0
4834,14157,0
4835,22152,1
4836,24167,0
4837,29122,1
4838,13616,0
4839,17197,0
4840,15182,0
4841,26961,1
4842,25564,0
4843,16241,0
4844,14495,0
4845,22939,1
4846,20924,0
4847,21219,0
4848,26082,0
4849,11083,0
4850,19653,1
4851,16656,0
4852,17638,0
4853,27376,1
4854,23626,0
4855,19112,0
4856,17535,0
4857,13201,0
4858,19991,0
4859,20406,0
4860,26835,1
4861,21880,1
4862,16782,1
4863,25438,0
4864,25979,0
4865,24505,0
4866,15308,0
4867,14767,0
4868,23211,1
4869,17223,0
4870,27894,1
4871,14910,0
4872,12683,0
4873,20712,0
4874,17950,1
4875,11209,0
4876,24193,0
4877,21737,0
4878,29460,1
4879,29265,0
4880,11930,0
4881,27250,1
4882,13851,0
4883,26208,0
4884,20280,0
4885,16367,0
4886,22295,0
4887,11498,0
4888,12972,0
4889,13513,0
4890,11389,1
4891,21754,1
4892,17426,0
4893,15325,0
4894,15411,0
4895,19942,0
4896,14784,0
4897,26191,0
4898,26732,1
4899,15073,0
4900,20483,0
4901,21322,0
4902,16994,0
4903,23337,1
4904,19009,1
4905,27877,1
4906,22922,1
4907,19221,1
4908,25149,1
4909,28544,1
4910,15952,0
4911,20695,1
4912,12039,0
4913,29351,0
4914,26623,0
4915,15826,0
4916,21236,0
4917,17841,0
4918,17300,0
4919,13725,0
4920,28418,0
4921,24090,1
4922,19762,0
4923,25776,0
4924,23855,0
4925,15199,0
4926,19527,0
4927,14658,0
4928,15740,1
4929,11787,0
4930,18949,0
4931,26088,0
4932,17383,0
4933,20254,0
4934,21820,0
4935,16078,0
4936,27462,0
4937,17552,0
4938,23025,0
4939,18780,0
4940,11641,0
4941,20177,0
4942,22856,0
4943,24860,0
4944,27562,0
4945,23294,0
4946,25006,0
4947,26334,0
4948,14827,0
4949,25896,0
4950,15909,0
4951,26978,1
4952,25650,0
4953,27124,0
4954,24107,0
4955,15096,0
4956,29205,0
4957,12769,1
4958,18511,1
4959,11203,0
4960,23938,0
4961,17944,0
4962,20569,0
4963,18136,0
4964,11472,0
4965,13038,1
4966,16868,0
4967,12540,0
4968,21551,0
4969,27731,1
4970,26649,0
4971,14996,0
4972,13622,0
4973,11956,1
4974,14014,0
4975,26165,0
4976,25083,0
4977,12285,0
4978,19779,0
4979,12617,1
4980,18451,0
4981,26918,0
4982,22195,0
4983,28123,1
4984,18305,0
4985,28315,0
4986,23669,1
4987,29188,1
4988,25252,0
4989,20094,0
4990,15079,1
4991,13997,1
4992,27954,0
4993,13699,1
4994,23778,0
4995,11143,0
4996,15471,0
4997,25504,0
4998,21568,0
4999,22650,0
5000,22779,0
5001,14621,0
5002,15926,0
5003,21760,0
5004,20552,0
5005,17867,0
5006,14452,0
5007,23108,1
5008,19172,0
5009,15969,0
5010,13413,0
5011,28561,1
5012,26005,0
5013,16095,0
5014,24751,1
5015,18196,1
5016,13370,0
5017,22026,0
5018,21399,1
5019,28581,0
5020,21634,1
5021,21007,1
5022,12978,1
5023,24253,1
5024,19925,0
5025,17114,0
5026,12786,0
5027,12394,0
5028,16722,0
5029,11312,0
5030,19281,0
5031,11455,0
5032,27748,0
5033,24877,1
5034,16410,0
5035,18402,0
5036,17884,0
5037,13539,0
5038,15531,0
5039,12852,0
5040,14844,0
5041,14326,0
5042,25710,0
5043,28750,0
5044,11770,0
5045,12411,0
5046,25395,0
5047,28063,0
5048,16848,1
5049,19799,0
5050,18763,0
5051,16613,0
5052,28876,1
5053,15282,0
5054,25836,1
5055,27310,0
5056,25318,1
5057,13244,0
5058,12726,1
5059,22086,0
5060,17758,1
5061,14057,0
5062,23403,0
5063,22321,0
5064,20612,1
5065,16284,0
5066,27104,0
5067,29019,0
5068,20363,0
5069,18840,0
5070,26463,1
5071,11017,0
5072,21837,0
5073,12099,0
5074,20755,0
5075,20111,1
5076,24047,0
5077,25066,0
5078,13164,0
5079,26540,0
5080,14183,0
5081,19610,0
5082,13682,1
5083,17054,0
5084,14200,0
5085,18528,0
5086,27920,0
5087,21067,0
5088,28641,0
5089,16739,0
5090,15657,0
5091,15265,0
5092,27622,0
5093,14638,0
5094,20629,0
5095,11581,0
5096,24565,0
5097,23483,0
5098,17681,0
5099,28501,1
5100,27419,1
5101,23091,0
5102,15783,0
5103,24439,0
5104,19719,0
5105,28375,0
5106,23420,0
5107,21711,1
5108,13055,1
5109,26148,0
5110,17492,0
5111,20738,0
5112,19484,0
5113,13556,0
5114,11847,0
5115,15454,0
5116,21946,0
5117,18010,0
5118,16536,0
5119,20864,0
5120,16928,1
5121,21256,0
5122,12600,1
5123,14701,0
5124,21193,0
5125,18637,0
5126,14309,0
5127,22965,1
5128,11123,0
5129,26752,0
5130,23881,1
5131,15391,1
5132,22484,0
5133,18216,0
5134,29454,0
5135,19444,0
5136,21010,0
5137,18139,1
5138,12305,0
5139,22315,1
5140,20841,0
5141,21087,0
5142,17034,0
5143,13702,0
5144,23543,0
5145,12766,0
5146,28395,0
5147,26921,0
5148,25355,1
5149,12520,0
5150,24127,0
5151,13994,0
5152,14240,0
5153,16404,0
5154,26583,0
5155,15468,0
5156,24250,1
5157,25816,0
5158,18846,0
5159,28564,0
5160,20320,0
5161,27290,1
5162,12597,0
5163,16035,0
5164,26998,0
5165,15637,0
5166,17801,1
5167,14163,0
5168,11999,0
5169,15345,0
5170,17509,0
5171,13181,0
5172,28933,1
5173,25707,0
5174,24402,0
5175,25876,0
5176,21794,1
5177,27459,1
5178,23174,0
5179,12826,0
5180,24233,0
5181,27628,1
5182,26045,1
5183,19215,0
5184,21717,0
5185,17094,0
5186,14578,0
5187,16052,0
5188,15620,0
5189,23191,1
5190,27519,0
5191,14684,0
5192,16158,0
5193,18322,1
5194,17632,0
5195,20858,0
5196,12414,0
5197,20074,0
5198,13888,0
5199,11183,0
5200,21548,0
5201,28687,1
5202,26523,0
5203,22069,0
5204,19905,0
5205,27997,0
5206,25464,1
5207,22759,0
5208,13762,0
5209,17910,0
5210,26566,0
5211,22238,1
5212,23712,1
5213,19384,0
5214,16573,0
5215,12245,0
5216,14409,0
5217,20901,0
5218,17263,0
5219,19427,0
5220,15099,0
5221,27107,0
5222,12119,0
5223,12783,0
5224,25541,1
5225,17220,0
5226,16556,0
5227,26938,0
5228,25000,0
5229,14518,0
5230,26397,0
5231,15577,0
5232,15159,0
5233,13685,0
5234,12706,0
5235,29437,1
5236,27871,1
5237,24067,0
5238,11724,0
5239,24708,1
5240,13347,0
5241,11873,0
5242,20091,1
5243,26692,0
5244,15451,0
5245,19032,0
5246,20194,0
5247,18156,0
5248,27476,1
5249,26812,0
5250,17466,0
5251,25126,0
5252,16682,0
5253,16633,0
5254,16141,0
5255,26002,0
5256,17323,0
5257,15849,0
5258,17615,0
5259,21196,0
5260,19324,1
5261,23652,0
5262,15992,0
5263,21253,0
5264,19965,1
5265,11309,0
5266,13473,0
5267,22819,1
5268,20655,0
5269,15866,0
5270,27273,0
5271,26231,1
5272,25235,0
5273,20798,0
5274,26795,0
5275,16344,1
5276,22836,0
5277,12995,0
5278,16908,0
5279,18382,0
5280,12431,0
5281,11521,0
5282,21362,1
5283,16453,0
5284,20781,0
5285,23377,1
5286,27705,1
5287,19739,0
5288,18720,0
5289,14392,0
5290,13012,0
5291,17927,0
5292,22255,0
5293,29288,0
5294,27854,0
5295,14289,0
5296,28873,1
5297,21213,0
5298,29085,0
5299,12016,0
5300,24631,0
5301,22467,0
5302,29328,0
5303,18508,0
5304,12580,0
5305,14744,1
5306,11890,0
5307,14054,0
5308,14595,1
5309,20546,0
5310,16759,0
5311,25415,1
5312,26105,0
5313,21777,0
5314,13121,0
5315,26709,0
5316,23071,1
5317,11412,0
5318,13576,0
5319,11764,0
5320,17406,1
5321,23148,1
5322,17575,0
5323,13138,0
5324,20446,1
5325,18803,0
5326,21674,1
5327,21482,0
5328,19072,1
5329,18611,0
5330,26188,0
5331,19049,1
5332,13061,0
5333,21920,1
5334,11933,0
5335,17675,0
5336,16201,0
5337,17237,0
5338,24714,1
5339,13599,0
5340,16009,0
5341,25481,0
5342,20884,0
5343,27831,0
5344,28023,0
5345,16639,0
5346,20008,1
5347,11495,0
5348,19318,0
5349,16370,0
5350,13928,0
5351,23317,1
5352,15302,0
5353,24007,0
5354,28521,0
5355,26955,0
5356,24791,0
5357,11166,0
5358,27147,1
5359,24983,0
5360,15494,0
5361,13330,1
5362,14804,1
5363,16968,0
5364,20775,1
5365,16530,0
5366,19756,0
5367,15225,0
5368,13828,1
5369,26895,0
5370,15511,0
5371,25421,0
5372,18282,0
5373,20967,1
5374,15680,0
5375,23838,1
5376,18113,0
5377,26248,0
5378,21422,0
5379,25312,1
5380,22003,0
5381,26440,0
5382,12371,0
5383,16699,0
5384,18365,0
5385,20529,0
5386,19301,0
5387,13845,0
5388,18173,0
5389,12202,0
5390,12700,0
5391,23586,0
5392,19839,0
5393,12892,0
5394,22610,0
5395,24774,0
5396,16118,1
5397,11916,0
5398,13390,1
5399,28538,0
5400,14864,0
5401,28773,0
5402,14366,0
5403,11747,0
5404,24731,1
5405,23257,1
5406,15056,0
5407,27585,0
5408,25229,0
5409,23065,0
5410,28083,1
5411,23755,0
5412,21591,0
5413,25919,0
5414,22862,0
5415,27771,0
5416,16387,0
5417,19258,0
5418,18425,1
5419,17861,0
5420,12952,1
5421,12311,0
5422,24336,0
5423,13516,0
5424,15823,0
5425,25733,0
5426,14913,1
5427,14990,0
5428,26374,1
5429,14349,0
5430,13785,0
5431,21860,0
5432,26769,0
5433,17389,0
5434,29245,0
5435,22298,0
5436,17784,0
5437,21027,1
5438,18863,0
5439,23334,1
5440,11681,0
5441,15949,0
5442,19553,0
5443,16825,0
5444,24462,1
5445,26171,1
5446,25936,0
5447,15116,0
5448,23772,1
5449,25859,0
5450,23131,0
5451,25295,0
5452,26500,1
5453,17987,0
5454,17154,0
5455,16513,0
5456,27333,0
5457,27645,0
5458,18989,1
5459,28335,1
5460,18299,0
5461,22627,0
5462,29168,0
5463,27004,0
5464,20463,0
5465,21986,0
5466,17658,1
5467,19822,1
5468,19132,0
5469,21296,0
5470,23460,1
5471,19115,1
5472,24024,0
5473,25043,1
5474,18096,0
5475,29480,1
5476,11243,0
5477,21153,1
5478,20134,0
5479,15697,0
5480,21531,0
5481,28100,0
5482,28461,1
5483,24479,0
5484,17077,0
5485,13659,0
5486,23569,0
5487,17532,0
5488,12623,0
5489,13204,1
5490,25607,1
5491,16261,0
5492,20589,0
5493,26626,1
5494,14678,0
5495,21170,1
5496,19006,0
5497,22550,0
5498,14787,0
5499,28352,0
5500,19696,0
5501,23443,1
5502,20715,0
5503,13768,0
5504,29371,0
5505,21734,0
5506,13078,0
5507,14552,0
5508,14097,0
5509,22753,1
5510,11369,0
5511,13533,0
5512,21405,0
5513,12749,0
5514,11604,0
5515,15932,0
5516,20260,0
5517,18551,0
5518,24588,0
5519,14223,0
5520,23898,0
5521,15242,0
5522,19570,0
5523,12388,0
5524,12712,0
5525,18285,0
5526,24119,0
5527,25424,0
5528,22553,1
5529,15583,1
5530,26821,0
5531,14109,1
5532,19851,0
5533,15752,0
5534,28218,0
5535,28464,1
5536,19513,1
5537,23781,1
5538,18623,0
5539,13940,1
5540,21079,0
5541,25593,0
5542,16642,0
5543,12958,0
5544,14186,0
5545,22307,0
5546,21663,0
5547,25009,0
5548,12297,0
5549,17870,0
5550,19436,0
5551,17395,0
5552,26406,0
5553,26575,0
5554,17564,0
5555,18869,0
5556,29446,0
5557,14524,1
5558,26008,0
5559,15998,0
5560,19267,0
5561,19038,0
5562,17793,0
5563,11899,0
5564,20910,1
5565,15337,0
5566,12881,0
5567,23950,0
5568,11315,0
5569,21494,1
5570,14753,0
5571,13771,0
5572,13542,0
5573,21892,0
5574,23552,0
5575,17624,0
5576,13711,0
5577,26346,0
5578,27651,1
5579,14939,0
5580,26177,0
5581,11544,0
5582,14770,0
5583,19098,0
5584,27574,0
5585,29294,0
5586,12068,0
5587,29048,0
5588,12128,0
5589,17286,0
5590,23535,0
5591,18514,0
5592,15812,0
5593,20435,0
5594,13127,0
5595,16565,0
5596,16828,0
5597,22493,0
5598,18039,0
5599,15354,0
5600,23967,0
5601,24010,0
5602,27236,0
5603,15185,0
5604,22536,0
5605,11959,0
5606,13880,0
5607,28879,1
5608,11069,1
5609,21434,0
5610,25762,1
5611,26652,0
5612,27989,1
5613,16871,0
5614,29463,0
5615,11653,0
5616,25178,0
5617,21740,0
5618,26068,0
5619,16625,0
5620,20893,0
5621,26466,0
5622,21511,0
5623,14541,0
5624,12526,1
5625,11670,0
5626,22908,0
5627,13585,0
5628,25069,1
5629,23595,1
5630,18563,0
5631,27422,1
5632,14000,0
5633,25407,0
5634,20970,0
5635,25948,0
5636,27863,0
5637,14879,1
5638,17684,0
5639,28404,0
5640,17581,0
5641,15566,1
5642,29091,1
5643,21096,0
5644,26051,0
5645,28066,0
5646,22782,0
5647,25195,0
5648,14126,0
5649,23180,1
5650,23323,0
5651,22662,1
5652,12085,0
5653,24654,1
5654,21308,0
5655,12652,0
5656,12111,0
5657,20555,0
5658,19622,0
5659,26363,1
5660,25822,0
5661,19081,0
5662,17166,1
5663,18099,0
5664,27345,0
5665,27296,1
5666,26804,0
5667,11882,0
5668,13897,0
5669,16768,0
5670,21723,0
5671,23738,1
5672,24239,0
5673,22765,0
5674,21205,0
5675,23197,1
5676,20867,0
5677,25118,0
5678,18852,0
5679,15457,0
5680,22264,1
5681,23721,1
5682,16751,0
5683,18328,0
5684,12423,0
5685,29234,0
5686,12314,0
5687,25298,1
5688,28693,0
5689,13356,0
5690,16210,0
5691,18225,0
5692,26881,0
5693,19911,0
5694,15168,0
5695,17183,0
5696,13482,0
5697,18437,0
5698,20452,1
5699,25533,0
5700,15042,1
5701,12729,0
5702,17057,0
5703,18743,0
5704,16336,0
5705,14415,0
5706,24992,0
5707,29320,0
5708,18978,0
5709,14650,0
5710,27634,0
5711,22679,0
5712,17269,0
5713,27007,0
5714,19284,0
5715,20538,0
5716,21866,0
5717,23432,0
5718,16270,0
5719,13399,0
5720,26134,0
5721,27608,1
5722,14796,0
5723,26303,0
5724,29174,0
5725,18826,0
5726,18995,0
5727,17667,0
5728,16439,0
5729,17521,0
5730,15955,1
5731,19310,1
5732,20392,0
5733,25052,0
5734,21620,1
5735,14873,0
5736,20784,0
5737,22350,0
5738,14481,0
5739,22012,0
5740,22994,0
5741,20976,1
5742,24468,0
5743,15878,0
5744,26526,0
5745,12440,0
5746,19579,0
5747,22825,0
5748,28421,0
5749,13983,0
5750,17352,1
5751,17913,1
5752,27923,0
5753,22619,0
5754,26947,0
5755,14212,0
5756,21053,0
5757,21351,0
5758,12646,0
5759,17023,1
5760,25865,0
5761,15686,0
5762,11358,0
5763,11756,0
5764,14312,0
5765,21368,0
5766,28530,0
5767,15440,0
5768,14229,0
5769,18497,0
5770,18165,0
5771,22433,0
5772,28361,0
5773,25805,0
5774,22241,1
5775,14421,0
5776,27279,0
5777,26887,1
5778,12755,0
5779,27906,1
5780,23638,0
5781,16064,0
5782,26778,0
5783,25112,1
5784,22450,0
5785,24076,0
5786,19748,0
5787,18666,0
5788,21222,0
5789,25550,1
5790,24222,0
5791,25696,0
5792,11112,0
5793,11610,0
5794,25221,0
5795,28922,1
5796,13837,0
5797,11441,0
5798,26695,0
5799,21975,1
5800,15311,0
5801,14813,0
5802,21995,0
5803,18749,1
5804,16287,0
5805,20223,0
5806,15895,1
5807,12586,0
5808,16914,0
5809,13668,0
5810,17996,1
5811,14856,1
5812,12002,0
5813,13084,0
5814,17412,1
5815,12380,0
5816,20206,0
5817,22198,0
5818,25756,0
5819,15938,0
5820,15251,0
5821,11501,0
5822,15769,0
5823,24282,0
5824,12898,1
5825,20283,1
5826,27717,0
5827,21411,1
5828,14687,1
5829,20724,0
5830,24720,0
5831,16456,0
5832,18371,0
5833,26635,0
5834,16253,0
5835,26194,0
5836,17538,0
5837,11942,0
5838,20598,0
5839,14169,0
5840,15500,0
5841,21806,1
5842,26761,0
5843,12460,0
5844,19124,0
5845,14026,0
5846,24846,0
5847,14498,0
5848,18291,0
5849,16725,0
5850,12254,0
5851,25238,0
5852,26320,0
5853,18683,0
5854,18056,0
5855,23011,0
5856,13728,0
5857,25679,0
5858,17209,0
5859,21537,0
5860,15643,0
5861,19971,1
5862,21036,1
5863,15108,0
5864,24926,1
5865,17100,1
5866,12569,1
5867,11172,0
5868,15626,0
5869,13024,0
5870,20518,0
5871,22510,0
5872,25490,0
5873,24408,0
5874,21554,0
5875,26964,0
5876,11627,0
5877,19453,0
5878,15125,0
5879,17979,0
5880,13651,0
5881,27465,0
5882,25991,0
5883,27073,0
5884,20581,1
5885,15517,0
5886,25364,0
5887,21428,0
5888,12772,0
5889,19954,0
5890,28610,0
5891,21162,0
5892,20080,0
5893,14670,0
5894,17226,0
5895,16144,0
5896,23890,0
5897,22636,0
5898,25035,0
5899,29363,1
5900,14999,0
5901,20409,0
5902,23655,0
5903,29065,0
5904,27983,0
5905,16081,0
5906,22181,0
5907,14607,0
5908,23263,1
5909,17853,1
5910,27591,0
5911,19874,0
5912,14040,1
5913,28364,0
5914,15606,0
5915,21225,0
5916,12735,0
5917,11169,0
5918,15437,0
5919,26798,1
5920,28195,0
5921,19659,1
5922,18185,0
5923,19951,0
5924,22453,0
5925,28441,0
5926,14378,0
5927,20887,0
5928,24219,1
5929,15314,0
5930,22699,0
5931,11584,0
5932,11092,0
5933,22991,1
5934,12566,0
5935,21517,0
5936,23681,1
5937,23927,1
5938,11799,0
5939,26383,0
5940,21594,1
5941,23160,0
5942,13150,0
5943,20810,1
5944,14624,0
5945,29131,0
5946,20641,0
5947,17495,0
5948,28733,0
5949,29423,1
5950,16021,0
5951,13963,0
5952,14747,0
5953,17601,0
5954,24634,0
5955,18646,0
5956,15145,0
5957,11507,0
5958,13671,1
5959,16127,0
5960,12214,0
5961,27488,0
5962,17478,0
5963,27843,1
5964,18875,0
5965,13041,0
5966,18952,0
5967,13688,1
5968,21823,0
5969,20349,0
5970,18125,0
5971,16204,0
5972,11876,0
5973,25264,0
5974,28902,1
5975,29440,1
5976,13256,0
5977,27319,0
5978,20827,0
5979,26091,1
5980,14730,1
5981,19599,0
5982,25845,0
5983,19353,0
5984,21763,0
5985,16542,0
5986,20289,0
5987,24202,0
5988,27428,1
5989,28424,0
5990,27734,0
5991,26907,0
5992,26738,1
5993,18016,1
5994,15852,0
5995,11398,0
5996,14899,0
5997,21932,0
5998,28381,0
5999,25570,1
6000,11355,0
6001,18537,0
6002,12045,0
6003,14209,0
6004,21348,0
6005,20658,0
6006,24986,0
6007,26443,0
6008,15961,0
6009,13731,0
6010,16602,0
6011,14564,1
6012,15205,0
6013,12257,0
6014,13167,0
6015,13562,0
6016,15623,0
6017,26781,0
6018,22098,1
6019,26984,0
6020,20137,0
6021,18663,0
6022,19058,0
6023,28255,1
6024,28550,1
6025,17435,1
6026,28009,1
6027,21949,0
6028,13459,0
6029,18368,0
6030,24036,0
6031,14790,0
6032,12626,0
6033,23203,0
6034,11985,0
6035,25510,1
6036,22805,1
6037,14149,0
6038,20475,0
6039,21408,1
6040,12752,0
6041,26569,0
6042,23495,1
6043,13857,0
6044,20767,1
6045,27445,1
6046,23807,1
6047,17309,0
6048,21637,0
6049,19473,1
6050,28135,0
6051,17999,0
6052,15835,0
6053,13874,0
6054,17787,1
6055,26277,0
6056,24262,1
6057,19825,1
6058,21746,0
6059,28152,0
6060,12855,0
6061,11859,0
6062,22224,0
6063,21182,0
6064,27133,1
6065,27674,0
6066,18311,0
6067,25736,1
6068,26200,1
6069,24279,0
6070,14438,0
6071,13442,1
6072,18766,0
6073,17770,0
6074,27657,0
6075,17292,0
6076,11043,0
6077,12964,0
6078,11381,0
6079,26678,1
6080,18202,0
6081,17206,0
6082,25862,0
6083,12274,0
6084,20930,0
6085,26074,0
6086,28567,1
6087,15497,0
6088,26552,1
6089,27548,0
6090,27093,0
6091,17896,0
6092,18892,0
6093,16187,0
6094,14713,0
6095,28026,1
6096,16038,0
6097,11710,0
6098,19370,1
6099,23698,0
6100,28238,0
6101,13333,0
6102,19582,0
6103,15254,0
6104,17661,0
6105,20060,0
6106,15732,0
6107,18351,1
6108,24388,0
6109,28716,1
6110,14023,0
6111,16728,1
6112,12400,1
6113,29257,1
6114,29028,1
6115,13376,0
6116,21889,0
6117,14942,0
6118,24760,0
6119,26157,0
6120,16247,0
6121,14773,0
6122,19118,1
6123,29197,0
6124,17813,0
6125,19018,1
6126,18849,0
6127,27362,1
6128,26426,0
6129,11733,0
6130,20246,1
6131,23724,0
6132,15019,0
6133,13207,1
6134,13545,0
6135,23286,0
6136,15809,0
6137,20684,0
6138,13645,0
6139,24322,0
6140,14581,0
6141,22158,1
6142,13107,0
6143,20953,1
6144,21451,0
6145,14504,0
6146,15288,0
6147,27116,0
6148,21282,0
6149,29274,0
6150,16854,0
6151,15480,0
6152,19287,0
6153,12340,0
6154,23993,0
6155,28321,0
6156,15978,0
6157,11464,0
6158,21643,0
6159,26755,0
6160,22427,0
6161,24591,0
6162,22579,1
6163,12500,0
6164,22410,0
6165,23884,0
6166,18142,1
6167,11195,0
6168,28507,1
6169,16954,0
6170,27110,1
6171,11026,0
6172,28338,0
6173,14252,0
6174,18334,0
6175,19808,0
6176,25636,0
6177,22218,0
6178,15726,0
6179,13797,0
6180,23034,0
6181,12669,0
6182,18411,0
6183,15918,0
6184,28052,0
6185,12609,0
6186,17973,0
6187,12417,0
6188,16499,1
6189,15271,1
6190,15025,0
6191,24700,0
6192,11633,0
6193,26217,1
6194,17561,0
6195,18082,0
6196,25888,0
6197,24508,0
6198,26672,0
6199,12088,0
6200,20744,1
6201,17890,1
6202,24053,1
6203,17106,0
6204,14664,0
6205,20415,1
6206,24743,0
6207,23363,1
6208,20701,0
6209,19035,0
6210,25029,1
6211,22865,1
6212,21199,0
6213,25527,1
6214,29357,0
6215,20870,0
6216,17266,1
6217,14395,0
6218,18832,0
6219,13754,0
6220,27817,1
6221,25138,0
6222,16433,0
6223,15228,0
6224,21703,0
6225,24305,1
6226,11524,0
6227,12921,1
6228,23741,0
6229,12357,0
6230,22267,0
6231,18268,1
6232,25215,1
6233,24574,1
6234,21906,0
6235,13359,1
6236,26048,0
6237,21265,0
6238,14192,0
6239,16356,0
6240,17830,0
6241,13957,0
6242,12795,0
6243,29088,1
6244,20432,0
6245,20575,0
6246,11086,0
6247,14833,0
6248,11919,0
6249,21829,1
6250,19742,1
6251,15523,0
6252,24179,0
6253,22470,0
6254,19101,0
6255,13124,0
6256,12483,0
6257,21139,0
6258,22141,0
6259,23303,1
6260,23615,0
6261,14959,1
6262,15102,0
6263,19430,1
6264,19665,0
6265,11650,0
6266,18597,0
6267,14269,0
6268,27302,0
6269,24448,1
6270,13628,0
6271,28776,0
6272,17956,0
6273,26612,0
6274,17123,0
6275,22032,0
6276,28885,0
6277,16104,0
6278,17501,0
6279,13047,0
6280,18975,1
6281,15649,0
6282,25467,0
6283,15085,0
6284,21577,0
6285,11667,0
6286,27505,1
6287,22596,0
6288,26924,0
6289,16559,0
6290,12231,0
6291,17578,0
6292,25450,0
6293,12028,1
6294,13502,1
6295,19994,0
6296,15666,1
6297,14976,0
6298,27379,0
6299,17375,0
6300,23867,0
6301,26031,1
6302,15211,0
6303,17249,0
6304,25905,0
6305,28069,1
6306,14521,0
6307,28759,0
6308,26595,0
6309,25341,1
6310,16685,0
6311,23177,1
6312,11212,0
6313,15540,0
6314,19868,1
6315,28524,0
6316,24196,1
6317,25576,0
6318,16230,1
6319,22722,1
6320,11902,0
6321,20558,0
6322,14066,0
6323,24886,1
6324,18394,0
6325,21202,0
6326,14063,0
6327,16934,0
6328,18500,1
6329,15460,0
6330,26944,0
6331,19805,0
6332,18162,1
6333,18331,0
6334,28341,0
6335,17103,0
6336,27113,1
6337,13004,0
6338,15122,0
6339,21371,1
6340,26529,0
6341,11192,0
6342,25301,0
6343,20143,0
6344,12666,0
6345,23827,1
6346,24073,0
6347,13894,1
6348,22599,1
6349,22845,0
6350,21617,0
6351,28756,0
6352,11776,0
6353,25885,0
6354,23489,0
6355,27359,1
6356,27282,1
6357,14647,0
6358,14816,0
6359,16121,0
6360,26698,0
6361,27588,0
6362,23260,0
6363,17272,0
6364,12005,0
6365,24242,0
6366,11023,0
6367,25716,0
6368,28925,0
6369,21786,0
6370,26114,1
6371,15045,0
6372,13479,0
6373,22184,1
6374,23658,0
6375,12589,0
6376,25132,0
6377,11607,0
6378,20372,0
6379,23598,0
6380,13233,0
6381,28816,0
6382,23429,1
6383,12191,0
6384,27511,0
6385,16290,0
6386,20203,1
6387,26131,0
6388,24826,0
6389,22905,0
6390,25072,0
6391,26300,0
6392,21677,1
6393,26283,0
6394,20034,0
6395,21955,0
6396,24657,0
6397,13064,1
6398,17687,0
6399,22015,0
6400,17933,0
6401,14292,0
6402,25699,0
6403,16350,0
6404,12022,0
6405,18271,0
6406,13402,1
6407,13648,0
6408,14123,0
6409,20787,0
6410,12606,0
6411,26715,0
6412,21262,1
6413,24488,1
6414,23183,0
6415,12437,0
6416,17518,0
6417,12649,0
6418,25241,0
6419,17349,0
6420,19619,0
6421,15291,0
6422,25284,0
6423,20956,1
6424,23014,1
6425,18686,0
6426,13817,1
6427,11716,0
6428,13708,0
6429,21557,0
6430,29383,0
6431,24428,0
6432,16579,0
6433,11547,0
6434,23031,1
6435,21016,0
6436,11175,0
6437,22413,0
6438,13021,0
6439,12480,0
6440,19204,0
6441,14046,0
6442,23887,0
6443,16061,0
6444,15520,0
6445,20678,1
6446,16502,1
6447,17976,0
6448,17730,0
6449,18517,0
6450,19957,1
6451,13293,0
6452,13436,0
6453,16164,0
6454,11962,1
6455,16705,0
6456,11819,0
6457,14690,0
6458,11421,0
6459,20498,0
6460,25487,1
6461,22490,0
6462,13834,1
6463,21431,0
6464,12775,0
6465,14461,0
6466,18789,0
6467,12895,0
6468,17458,0
6469,28527,1
6470,16917,0
6471,27986,0
6472,15002,1
6473,19330,0
6474,20804,1
6475,28968,1
6476,16476,0
6477,20263,0
6478,20727,0
6479,14893,0
6480,22719,0
6481,25258,0
6482,23243,0
6483,18806,0
6484,29171,0
6485,12377,1
6486,27697,0
6487,12360,0
6488,14352,0
6489,26818,0
6490,25596,0
6491,15231,0
6492,24717,1
6493,20389,0
6494,21660,0
6495,17332,0
6496,13937,0
6497,23675,0
6498,19347,1
6499,17873,0
6500,22201,0
6501,20186,0
6502,19848,1
6503,12463,0
6504,25055,0
6505,12251,1
6506,27571,0
6507,27070,0
6508,14172,0
6509,18915,0
6510,20907,1
6511,14478,0
6512,21142,1
6513,24843,0
6514,23134,0
6515,23369,0
6516,22616,0
6517,17959,0
6518,26403,1
6519,22075,0
6520,26011,0
6521,15646,0
6522,16273,0
6523,11945,1
6524,11318,0
6525,19974,0
6526,24302,0
6527,24929,1
6528,20601,1
6529,12792,0
6530,24783,0
6531,17621,0
6532,12048,0
6533,29051,0
6534,23217,0
6535,27485,0
6536,14750,1
6537,19187,0
6538,20515,1
6539,19041,0
6540,17475,0
6541,16147,0
6542,27823,0
6543,29128,0
6544,18872,0
6545,16393,0
6546,25988,1
6547,19456,1
6548,11879,0
6549,24514,0
6550,20830,0
6551,23386,1
6552,13353,0
6553,22058,0
6554,14435,0
6555,22304,0
6556,12961,0
6557,28613,0
6558,13791,0
6559,17229,0
6560,25742,1
6561,22496,0
6562,18228,0
6563,27216,0
6564,12632,0
6565,25367,1
6566,29297,1
6567,15188,0
6568,16831,0
6569,26741,0
6570,20077,0
6571,19908,0
6572,15357,0
6573,13714,0
6574,18434,0
6575,20661,0
6576,26257,0
6577,20269,0
6578,13130,0
6579,23701,1
6580,13522,0
6581,15394,0
6582,12148,0
6583,11066,1
6584,25613,0
6585,24285,0
6586,22387,0
6587,21414,0
6588,12523,0
6589,22556,0
6590,17146,0
6591,11049,0
6592,25444,0
6593,24139,1
6594,20913,0
6595,15749,1
6596,19831,1
6597,14275,0
6598,19685,1
6599,24030,1
6600,27860,1
6601,20721,0
6602,13605,0
6603,23970,0
6604,18620,1
6605,25158,0
6606,17584,0
6607,27714,0
6608,26632,0
6609,26386,0
6610,18812,0
6611,12131,0
6612,29443,0
6613,18059,0
6614,11896,0
6615,26197,0
6616,24531,0
6617,27969,0
6618,13147,0
6619,21803,0
6620,28467,0
6621,21305,0
6622,16585,0
6623,15503,0
6624,11939,0
6625,26366,1
6626,27385,0
6627,17604,0
6628,23057,1
6629,13276,0
6630,14358,0
6631,12692,0
6632,15248,1
6633,17289,0
6634,25115,0
6635,14418,0
6636,25802,1
6637,15892,0
6638,20847,0
6639,11862,0
6640,12334,0
6641,21726,0
6642,23718,0
6643,15374,0
6644,23200,0
6645,28358,0
6646,14936,1
6647,20329,1
6648,26589,0
6649,19642,0
6650,27671,0
6651,16207,0
6652,15815,0
6653,18417,0
6654,29237,1
6655,28155,0
6656,29111,0
6657,20455,0
6658,22447,0
6659,25553,0
6660,12583,1
6661,27402,0
6662,24156,0
6663,11109,0
6664,23515,1
6665,14810,1
6666,12818,0
6667,18560,0
6668,21116,0
6669,23844,0
6670,22682,0
6671,11252,0
6672,22370,0
6673,12944,0
6674,22762,0
6675,25928,0
6676,13665,0
6677,16333,0
6678,13087,0
6679,17415,0
6680,24597,0
6681,21929,0
6682,19373,0
6683,28029,0
6684,17807,0
6685,25945,0
6686,18119,1
6687,23074,0
6688,19138,1
6689,16960,0
6690,11126,0
6691,26446,0
6692,27010,0
6693,13588,0
6694,18998,0
6695,15580,0
6696,15062,0
6697,24972,0
6698,20472,0
6699,27528,1
6700,19061,0
6701,11235,0
6702,15563,0
6703,23592,0
6704,29426,0
6705,20535,0
6706,17037,0
6707,20973,1
6708,16645,0
6709,11487,1
6710,22118,0
6711,13462,0
6712,17916,0
6713,23326,0
6714,28046,1
6715,24800,0
6716,19390,1
6717,20644,1
6718,27199,0
6719,22573,0
6720,11753,0
6721,12835,0
6722,18245,0
6723,21491,0
6724,25819,0
6725,17163,0
6726,26901,0
6727,11361,0
6728,16771,0
6729,20017,0
6730,25427,0
6731,12443,1
6732,16957,0
6733,25447,0
6734,19828,0
6735,14255,0
6736,14086,0
6737,21179,0
6738,17126,0
6739,19705,1
6740,26844,1
6741,15483,0
6742,28487,0
6743,28318,0
6744,27136,1
6745,18431,0
6746,11046,0
6747,29377,1
6748,15268,0
6749,22407,0
6750,19997,0
6751,14332,0
6752,26675,0
6753,20933,1
6754,24265,0
6755,25201,0
6756,13794,0
6757,23037,0
6758,12858,0
6759,23973,0
6760,25032,0
6761,17372,0
6762,17893,0
6763,16496,0
6764,24511,0
6765,19367,0
6766,27780,0
6767,17203,0
6768,16190,0
6769,28072,0
6770,25908,1
6771,15898,1
6772,18062,1
6773,22868,0
6774,19536,1
6775,15729,0
6776,16419,0
6777,21992,1
6778,17664,0
6779,11215,0
6780,13379,0
6781,24342,1
6782,22576,0
6783,14853,0
6784,24050,0
6785,12689,0
6786,21886,0
6787,13210,1
6788,21700,0
6789,14561,0
6790,16436,0
6791,17432,0
6792,24571,0
6793,23097,0
6794,21869,0
6795,14962,0
6796,11813,1
6797,17647,0
6798,26154,0
6799,26323,1
6800,23744,0
6801,16267,0
6802,20226,0
6803,13734,0
6804,25985,0
6805,18079,0
6806,16605,0
6807,22347,0
6808,11982,0
6809,23343,1
6810,11736,0
6811,28593,1
6812,27365,1
6813,14484,0
6814,12629,0
6815,13625,0
6816,13104,0
6817,20764,0
6818,27213,1
6819,26429,0
6820,14146,0
6821,16851,0
6822,19290,0
6823,21454,1
6824,15377,0
6825,24033,0
6826,19811,0
6827,22516,0
6828,23990,0
6829,24159,0
6830,20595,1
6831,14103,0
6832,15789,1
6833,11461,0
6834,14793,0
6835,14272,1
6836,22928,0
6837,18600,0
6838,14315,0
6839,29360,0
6840,13044,0
6841,15082,0
6842,15746,1
6843,19519,0
6844,12211,0
6845,25633,0
6846,12503,0
6847,21580,0
6848,22390,1
6849,11029,0
6850,23054,1
6851,27030,0
6852,18955,1
6853,13608,1
6854,15669,0
6855,20578,0
6856,22593,1
6857,18122,1
6858,17143,0
6859,27963,1
6860,16648,0
6861,26028,0
6862,16376,0
6863,11444,0
6864,13977,0
6865,14667,0
6866,25218,0
6867,24554,1
6868,13193,1
6869,15208,0
6870,23864,1
6871,18540,0
6872,25430,0
6873,29211,1
6874,15543,0
6875,17707,1
6876,22178,0
6877,29068,0
6878,13920,0
6879,16084,0
6880,27886,1
6881,19181,1
6882,28427,0
6883,17558,0
6884,19722,1
6885,21345,0
6886,28378,0
6887,17017,0
6888,20704,1
6889,23266,0
6890,12901,0
6891,15772,0
6892,18829,0
6893,17833,0
6894,24216,1
6895,23761,0
6896,24757,0
6897,14375,0
6898,22702,1
6899,21268,0
6900,17246,0
6901,11341,0
6902,11922,0
6903,16250,0
6904,24325,0
6905,18265,1
6906,17724,0
6907,12815,0
6908,19645,0
6909,14979,1
6910,24176,1
6911,19307,0
6912,21809,1
6913,26137,0
6914,21119,1
6915,28779,1
6916,20123,1
6917,13270,0
6918,19104,0
6919,14501,0
6920,22161,0
6921,13505,0
6922,23157,0
6923,18414,0
6924,19888,1
6925,15191,0
6926,12486,0
6927,23847,0
6928,20429,1
6929,28089,1
6930,11232,0
6931,13960,0
6932,13811,0
6933,15975,0
6934,15434,0
6935,11106,0
6936,12337,0
6937,16665,0
6938,25321,0
6939,21683,0
6940,17355,0
6941,13027,0
6942,16293,0
6943,26111,0
6944,17598,1
6945,14727,0
6946,16101,0
6947,14896,0
6948,16124,0
6949,26280,0
6950,17498,0
6951,17767,0
6952,27677,1
6953,18972,0
6954,26034,0
6955,12125,0
6956,14627,0
6957,22204,0
6958,27754,0
6959,17329,0
6960,20638,0
6961,13691,0
6962,23240,0
6963,12025,0
6964,24368,0
6965,20100,0
6966,26549,0
6967,16731,0
6968,15165,1
6969,15855,1
6970,25344,1
6971,26718,0
6972,16562,0
6973,28192,1
6974,28713,0
6975,22725,0
6976,11258,0
6977,15586,0
6978,28384,0
6979,17060,0
6980,12732,0
6981,24199,0
6982,19871,0
6983,11856,0
6984,14020,0
6985,25573,0
6986,21245,0
6987,23409,0
6988,25673,0
6989,23509,1
6990,14206,1
6991,12546,0
6992,26609,0
6993,22364,0
6994,25590,0
6995,11527,0
6996,18474,0
6997,24116,0
6998,12354,0
6999,18188,1
7000,19662,1
7001,14398,0
7002,20890,0
7003,21136,1
7004,15872,0
7005,16891,1
7006,12563,1
7007,13751,0
7008,17000,0
7009,13001,0
7010,21328,0
7011,18019,0
7012,26970,0
7013,12715,0
7014,15663,0
7015,11089,0
7016,17827,0
7017,15417,0
7018,14189,0
7019,16353,1
7020,13943,0
7021,29420,1
7022,19055,0
7023,12108,1
7024,23492,0
7025,14836,0
7026,21497,0
7027,11418,0
7028,29134,1
7029,22802,0
7030,27946,0
7031,16024,0
7032,21826,0
7033,15334,0
7034,16808,0
7035,23947,0
7036,28275,0
7037,13582,0
7038,19333,0
7039,23661,0
7040,20807,0
7041,24637,0
7042,25135,0
7043,16479,0
7044,18643,0
7045,28965,1
7046,20309,1
7047,17953,1
7048,28696,0
7049,12403,0
7050,22221,0
7051,15915,0
7052,25825,0
7053,27130,0
7054,12875,0
7055,26297,0
7056,11839,0
7057,24259,0
7058,23426,0
7059,26094,0
7060,12672,0
7061,16310,0
7062,27568,0
7063,16748,0
7064,25530,0
7065,15712,0
7066,28258,1
7067,28899,1
7068,23821,0
7069,19224,0
7070,24697,0
7071,12042,0
7072,27694,0
7073,14710,1
7074,14567,0
7075,24385,0
7076,20057,1
7077,28570,1
7078,19914,0
7079,20747,1
7080,21388,0
7081,15351,0
7082,24056,0
7083,16184,0
7084,24949,0
7085,13565,1
7086,23930,0
7087,12168,0
7088,22911,0
7089,15039,0
7090,11713,0
7091,22533,0
7092,11149,0
7093,20495,1
7094,15603,0
7095,26423,0
7096,18457,0
7097,26532,0
7098,13110,1
7099,17438,1
7100,22988,0
7101,18660,1
7102,21514,1
7103,17186,0
7104,15022,0
7105,28006,1
7106,21076,0
7107,14584,0
7108,25404,0
7109,18912,0
7110,16058,0
7111,11730,0
7112,20621,0
7113,11965,0
7114,15477,1
7115,21969,0
7116,14003,0
7117,24823,0
7118,16167,0
7119,22659,1
7120,21185,1
7121,23349,0
7122,22095,0
7123,19931,0
7124,16622,0
7125,14458,0
7126,12294,0
7127,25278,0
7128,23114,0
7129,28132,0
7130,19476,0
7131,12984,0
7132,17312,1
7133,15148,0
7134,21640,0
7135,25968,0
